country,date,deaths,daily_deaths
Brazil,03/01/20,0,0
Brazil,03/02/20,0,0
Brazil,03/03/20,0,0
Brazil,03/04/20,0,0
Brazil,03/05/20,0,0
Brazil,03/06/20,0,0
Brazil,03/07/20,0,0
Brazil,03/08/20,0,0
Brazil,03/09/20,0,0
Brazil,03/10/20,0,0
Brazil,03/11/20,0,0
Brazil,03/12/20,0,0
Brazil,03/13/20,0,0
Brazil,03/14/20,0,0
Brazil,03/15/20,0,0
Brazil,03/16/20,0,0
Brazil,03/17/20,1,1
Brazil,03/18/20,3,2
Brazil,03/19/20,6,3
Brazil,03/20/20,11,5
Brazil,03/21/20,15,4
Brazil,03/22/20,25,10
Brazil,03/23/20,34,9
Brazil,03/24/20,46,12
Brazil,03/25/20,59,13
Brazil,03/26/20,77,18
Brazil,03/27/20,92,15
Brazil,03/28/20,111,19
Brazil,03/29/20,136,25
Brazil,03/30/20,159,23
Brazil,03/31/20,201,42
Brazil,04/01/20,240,39
Brazil,04/02/20,324,84
Brazil,04/03/20,359,35
Brazil,04/04/20,445,86
Brazil,04/05/20,486,41
Brazil,04/06/20,564,78
Brazil,04/07/20,686,122
Brazil,04/08/20,819,133
Brazil,04/09/20,950,131
Brazil,04/10/20,1057,107
Brazil,04/11/20,1124,67
Brazil,04/12/20,1223,99
Brazil,04/13/20,1328,105
Brazil,04/14/20,1532,204
Brazil,04/15/20,1736,204
Brazil,04/16/20,1924,188
Brazil,04/17/20,2141,217
Brazil,04/18/20,2354,213
Brazil,04/19/20,2462,108
Brazil,04/20/20,2587,125
Brazil,04/21/20,2741,154
Brazil,04/22/20,2906,165
Brazil,04/23/20,3331,425
Brazil,04/24/20,3704,373
Brazil,04/25/20,4057,353
Brazil,04/26/20,4286,229
Brazil,04/27/20,4603,317
Brazil,04/28/20,5083,480
Brazil,04/29/20,5513,430
Brazil,04/30/20,6006,493
Brazil,05/01/20,6412,406
Brazil,05/02/20,6761,349
Brazil,05/03/20,7051,290
Brazil,05/04/20,7367,316
Brazil,05/05/20,7938,571
Brazil,05/06/20,8588,650
Brazil,05/07/20,9190,602
Brazil,05/08/20,10017,827
Brazil,05/09/20,10656,639
Brazil,05/10/20,11123,467
Brazil,05/11/20,11653,530
Brazil,05/12/20,12461,808
Brazil,05/13/20,13240,779
Brazil,05/14/20,13999,759
Brazil,05/15/20,14962,963
Brazil,05/16/20,15662,700
Brazil,05/17/20,16118,456
Brazil,05/18/20,16853,735
Brazil,05/19/20,17983,1130
Brazil,05/20/20,18859,876
Brazil,05/21/20,20047,1188
Brazil,05/22/20,21048,1001
Brazil,05/23/20,22013,965
Brazil,05/24/20,22666,653
Brazil,05/25/20,23473,807
Brazil,05/26/20,24512,1039
Brazil,05/27/20,25598,1086
Brazil,05/28/20,26754,1156
Brazil,05/29/20,27878,1124
Brazil,05/30/20,28834,956
Brazil,05/31/20,29314,480
Brazil,06/01/20,29937,623
Brazil,06/02/20,31199,1262
Brazil,06/03/20,32548,1349
Brazil,06/04/20,34021,1473
Brazil,06/05/20,35026,1005
Brazil,06/06/20,35930,904
Brazil,06/07/20,36455,525
Brazil,06/08/20,37134,679
Brazil,06/09/20,38406,1272
Brazil,06/10/20,39680,1274
Brazil,06/11/20,40919,1239
Brazil,06/12/20,41828,909
Brazil,06/13/20,42720,892
Brazil,06/14/20,43332,612
Brazil,06/15/20,43959,627
Brazil,06/16/20,45241,1282
Brazil,06/17/20,46510,1269
Brazil,06/18/20,47748,1238
Brazil,06/19/20,48954,1206
Brazil,06/20/20,49976,1022
Brazil,06/21/20,50591,615
Brazil,06/22/20,51271,680
Brazil,06/23/20,52645,1374
Brazil,06/24/20,53830,1185
Brazil,06/25/20,54971,1141
Brazil,06/26/20,55961,990
Brazil,06/27/20,57070,1109
Brazil,06/28/20,57622,552
Brazil,06/29/20,58314,692
Brazil,06/30/20,59594,1280
Brazil,07/01/20,60632,1038
Brazil,07/02/20,61884,1252
Brazil,07/03/20,63174,1290
Brazil,07/04/20,64265,1091
Brazil,07/05/20,64867,602
Brazil,07/06/20,65487,620
Brazil,07/07/20,66741,1254
Brazil,07/08/20,67964,1223
Brazil,07/09/20,69184,1220
Brazil,07/10/20,70398,1214
Brazil,07/11/20,71469,1071
Brazil,07/12/20,72100,631
Brazil,07/13/20,72833,733
Brazil,07/14/20,74133,1300
Brazil,07/15/20,75366,1233
Brazil,07/16/20,76688,1322
Brazil,07/17/20,77851,1163
Brazil,07/18/20,78772,921
Brazil,07/19/20,79488,716
Brazil,07/20/20,80120,632
Brazil,07/21/20,81487,1367
Brazil,07/22/20,82771,1284
Brazil,07/23/20,84082,1311
Brazil,07/24/20,85238,1156
Brazil,07/25/20,86449,1211
Brazil,07/26/20,87004,555
Brazil,07/27/20,87618,614
France,03/01/20,2,0
France,03/02/20,3,1
France,03/03/20,4,1
France,03/04/20,4,0
France,03/05/20,6,2
France,03/06/20,9,3
France,03/07/20,11,2
France,03/08/20,19,8
France,03/09/20,19,0
France,03/10/20,33,14
France,03/11/20,48,15
France,03/12/20,48,0
France,03/13/20,79,31
France,03/14/20,91,12
France,03/15/20,91,0
France,03/16/20,149,58
France,03/17/20,149,0
France,03/18/20,149,0
France,03/19/20,244,95
France,03/20/20,451,207
France,03/21/20,563,112
France,03/22/20,676,113
France,03/23/20,862,186
France,03/24/20,1102,240
France,03/25/20,1333,231
France,03/26/20,1698,365
France,03/27/20,1997,299
France,03/28/20,2317,320
France,03/29/20,2611,294
France,03/30/20,3030,419
France,03/31/20,3532,502
France,04/01/20,4414,882
France,04/02/20,5398,984
France,04/03/20,6520,1122
France,04/04/20,7574,1054
France,04/05/20,8093,519
France,04/06/20,8926,833
France,04/07/20,10343,1417
France,04/08/20,10887,544
France,04/09/20,12228,1341
France,04/10/20,13215,987
France,04/11/20,13851,636
France,04/12/20,14412,561
France,04/13/20,14986,574
France,04/14/20,15731,745
France,04/15/20,17169,1438
France,04/16/20,17922,753
France,04/17/20,18683,761
France,04/18/20,19325,642
France,04/19/20,19720,395
France,04/20/20,20267,547
France,04/21/20,20798,531
France,04/22/20,21342,544
France,04/23/20,21858,516
France,04/24/20,22248,390
France,04/25/20,22617,369
France,04/26/20,22859,242
France,04/27/20,23296,437
France,04/28/20,23663,367
France,04/29/20,24090,427
France,04/30/20,24379,289
France,05/01/20,24597,218
France,05/02/20,24763,166
France,05/03/20,24900,137
France,05/04/20,25204,304
France,05/05/20,25537,333
France,05/06/20,25812,275
France,05/07/20,25990,178
France,05/08/20,26233,243
France,05/09/20,26313,80
France,05/10/20,26383,70
France,05/11/20,26646,263
France,05/12/20,26994,348
France,05/13/20,27077,83
France,05/14/20,27428,351
France,05/15/20,27532,104
France,05/16/20,27532,0
France,05/17/20,28111,579
France,05/18/20,28242,131
France,05/19/20,28025,-217
France,05/20/20,28135,110
France,05/21/20,28218,83
France,05/22/20,28292,74
France,05/23/20,28335,43
France,05/24/20,28370,35
France,05/25/20,28460,90
France,05/26/20,28533,73
France,05/27/20,28599,66
France,05/28/20,28665,66
France,05/29/20,28717,52
France,05/30/20,28774,57
France,05/31/20,28805,31
France,06/01/20,28836,31
France,06/02/20,28943,107
France,06/03/20,29024,81
France,06/04/20,29068,44
France,06/05/20,29114,46
France,06/06/20,29145,31
France,06/07/20,29158,13
France,06/08/20,29212,54
France,06/09/20,29299,87
France,06/10/20,29322,23
France,06/11/20,29349,27
France,06/12/20,29377,28
France,06/13/20,29401,24
France,06/14/20,29410,9
France,06/15/20,29439,29
France,06/16/20,29550,111
France,06/17/20,29578,28
France,06/18/20,29606,28
France,06/19/20,29620,14
France,06/20/20,29636,16
France,06/21/20,29643,7
France,06/22/20,29666,23
France,06/23/20,29723,57
France,06/24/20,29734,11
France,06/25/20,29755,21
France,06/26/20,29781,26
France,06/27/20,29781,0
France,06/28/20,29781,0
France,06/29/20,29816,35
France,06/30/20,29846,30
France,07/01/20,29864,18
France,07/02/20,29878,14
France,07/03/20,29896,18
France,07/04/20,29896,0
France,07/05/20,29896,0
France,07/06/20,29923,27
France,07/07/20,29936,13
France,07/08/20,29936,0
France,07/09/20,29982,46
France,07/10/20,30007,25
France,07/11/20,30007,0
France,07/12/20,30007,0
France,07/13/20,30032,25
France,07/14/20,30032,0
France,07/15/20,30123,91
France,07/16/20,30141,18
France,07/17/20,30155,14
France,07/18/20,30155,0
France,07/19/20,30155,0
France,07/20/20,30180,25
France,07/21/20,30168,0
France,07/22/20,30175,7
France,07/23/20,30185,10
France,07/24/20,30195,10
France,07/25/20,30195,0
France,07/26/20,30195,0
France,07/27/20,30212,17
India,03/01/20,0,0
India,03/02/20,0,0
India,03/03/20,0,0
India,03/04/20,0,0
India,03/05/20,0,0
India,03/06/20,0,0
India,03/07/20,0,0
India,03/08/20,0,0
India,03/09/20,0,0
India,03/10/20,0,0
India,03/11/20,1,1
India,03/12/20,1,0
India,03/13/20,2,1
India,03/14/20,2,0
India,03/15/20,2,0
India,03/16/20,2,0
India,03/17/20,3,1
India,03/18/20,3,0
India,03/19/20,4,1
India,03/20/20,5,1
India,03/21/20,4,-1
India,03/22/20,7,3
India,03/23/20,10,3
India,03/24/20,10,0
India,03/25/20,12,2
India,03/26/20,20,8
India,03/27/20,20,0
India,03/28/20,24,4
India,03/29/20,27,3
India,03/30/20,32,5
India,03/31/20,35,3
India,04/01/20,58,23
India,04/02/20,72,14
India,04/03/20,72,0
India,04/04/20,86,14
India,04/05/20,99,13
India,04/06/20,136,37
India,04/07/20,150,14
India,04/08/20,178,28
India,04/09/20,226,48
India,04/10/20,246,20
India,04/11/20,288,42
India,04/12/20,331,43
India,04/13/20,358,27
India,04/14/20,393,35
India,04/15/20,405,12
India,04/16/20,448,43
India,04/17/20,486,38
India,04/18/20,521,35
India,04/19/20,559,38
India,04/20/20,592,33
India,04/21/20,645,53
India,04/22/20,681,36
India,04/23/20,721,40
India,04/24/20,780,59
India,04/25/20,825,45
India,04/26/20,881,56
India,04/27/20,939,58
India,04/28/20,1008,69
India,04/29/20,1079,71
India,04/30/20,1154,75
India,05/01/20,1223,69
India,05/02/20,1323,100
India,05/03/20,1391,68
India,05/04/20,1566,175
India,05/05/20,1693,127
India,05/06/20,1785,92
India,05/07/20,1889,104
India,05/08/20,1985,96
India,05/09/20,2101,116
India,05/10/20,2212,111
India,05/11/20,2294,82
India,05/12/20,2415,121
India,05/13/20,2551,136
India,05/14/20,2649,98
India,05/15/20,2753,104
India,05/16/20,2871,118
India,05/17/20,3025,154
India,05/18/20,3156,131
India,05/19/20,3302,146
India,05/20/20,3434,132
India,05/21/20,3584,150
India,05/22/20,3726,142
India,05/23/20,3868,142
India,05/24/20,4024,156
India,05/25/20,4172,148
India,05/26/20,4344,172
India,05/27/20,4534,190
India,05/28/20,4711,177
India,05/29/20,4980,269
India,05/30/20,5185,205
India,05/31/20,5408,223
India,06/01/20,5608,200
India,06/02/20,5829,221
India,06/03/20,6088,259
India,06/04/20,6363,275
India,06/05/20,6649,286
India,06/06/20,6946,297
India,06/07/20,7207,261
India,06/08/20,7473,266
India,06/09/20,7750,277
India,06/10/20,8102,352
India,06/11/20,8498,396
India,06/12/20,8884,386
India,06/13/20,9195,311
India,06/14/20,9520,325
India,06/15/20,9900,380
India,06/16/20,11903,2003
India,06/17/20,12237,334
India,06/18/20,12573,336
India,06/19/20,12948,375
India,06/20/20,13254,306
India,06/21/20,13699,445
India,06/22/20,14011,312
India,06/23/20,14476,465
India,06/24/20,14894,418
India,06/25/20,15301,407
India,06/26/20,15685,384
India,06/27/20,16095,410
India,06/28/20,16475,380
India,06/29/20,16893,418
India,06/30/20,17400,507
India,07/01/20,17834,434
India,07/02/20,18213,379
India,07/03/20,18655,442
India,07/04/20,19268,613
India,07/05/20,19693,425
India,07/06/20,20159,466
India,07/07/20,20642,483
India,07/08/20,21129,487
India,07/09/20,21604,475
India,07/10/20,22123,519
India,07/11/20,22673,550
India,07/12/20,23174,501
India,07/13/20,23727,553
India,07/14/20,24309,582
India,07/15/20,24914,605
India,07/16/20,25602,688
India,07/17/20,26273,671
India,07/18/20,26816,543
India,07/19/20,27497,681
India,07/20/20,28082,585
India,07/21/20,28732,650
India,07/22/20,29861,1129
India,07/23/20,30601,740
India,07/24/20,31358,757
India,07/25/20,32060,702
India,07/26/20,32771,711
India,07/27/20,33408,637
Iran,03/01/20,54,11
Iran,03/02/20,66,12
Iran,03/03/20,77,11
Iran,03/04/20,92,15
Iran,03/05/20,107,15
Iran,03/06/20,124,17
Iran,03/07/20,145,21
Iran,03/08/20,194,49
Iran,03/09/20,237,43
Iran,03/10/20,291,54
Iran,03/11/20,354,63
Iran,03/12/20,429,75
Iran,03/13/20,514,85
Iran,03/14/20,611,97
Iran,03/15/20,724,113
Iran,03/16/20,853,129
Iran,03/17/20,988,135
Iran,03/18/20,1135,147
Iran,03/19/20,1284,149
Iran,03/20/20,1433,149
Iran,03/21/20,1556,123
Iran,03/22/20,1685,129
Iran,03/23/20,1812,127
Iran,03/24/20,1934,122
Iran,03/25/20,2077,143
Iran,03/26/20,2234,157
Iran,03/27/20,2378,144
Iran,03/28/20,2517,139
Iran,03/29/20,2640,123
Iran,03/30/20,2757,117
Iran,03/31/20,2898,141
Iran,04/01/20,3036,138
Iran,04/02/20,3160,124
Iran,04/03/20,3294,134
Iran,04/04/20,3452,158
Iran,04/05/20,3603,151
Iran,04/06/20,3739,136
Iran,04/07/20,3872,133
Iran,04/08/20,3993,121
Iran,04/09/20,4110,117
Iran,04/10/20,4232,122
Iran,04/11/20,4357,125
Iran,04/12/20,4474,117
Iran,04/13/20,4585,111
Iran,04/14/20,4683,98
Iran,04/15/20,4777,94
Iran,04/16/20,4869,92
Iran,04/17/20,4958,89
Iran,04/18/20,5031,73
Iran,04/19/20,5118,87
Iran,04/20/20,5209,91
Iran,04/21/20,5297,88
Iran,04/22/20,5391,94
Iran,04/23/20,5481,90
Iran,04/24/20,5574,93
Iran,04/25/20,5650,76
Iran,04/26/20,5710,60
Iran,04/27/20,5806,96
Iran,04/28/20,5877,71
Iran,04/29/20,5957,80
Iran,04/30/20,6028,71
Iran,05/01/20,6091,63
Iran,05/02/20,6156,65
Iran,05/03/20,6203,47
Iran,05/04/20,6277,74
Iran,05/05/20,6340,63
Iran,05/06/20,6418,78
Iran,05/07/20,6486,68
Iran,05/08/20,6541,55
Iran,05/09/20,6589,48
Iran,05/10/20,6640,51
Iran,05/11/20,6685,45
Iran,05/12/20,6733,48
Iran,05/13/20,6783,50
Iran,05/14/20,6854,71
Iran,05/15/20,6902,48
Iran,05/16/20,6937,35
Iran,05/17/20,6988,51
Iran,05/18/20,7057,69
Iran,05/19/20,7119,62
Iran,05/20/20,7183,64
Iran,05/21/20,7249,66
Iran,05/22/20,7300,51
Iran,05/23/20,7359,59
Iran,05/24/20,7417,58
Iran,05/25/20,7451,34
Iran,05/26/20,7508,57
Iran,05/27/20,7564,56
Iran,05/28/20,7627,63
Iran,05/29/20,7677,50
Iran,05/30/20,7734,57
Iran,05/31/20,7797,63
Iran,06/01/20,7878,81
Iran,06/02/20,7942,64
Iran,06/03/20,8012,70
Iran,06/04/20,8071,59
Iran,06/05/20,8134,63
Iran,06/06/20,8209,75
Iran,06/07/20,8281,72
Iran,06/08/20,8351,70
Iran,06/09/20,8425,74
Iran,06/10/20,8506,81
Iran,06/11/20,8584,78
Iran,06/12/20,8659,75
Iran,06/13/20,8730,71
Iran,06/14/20,8837,107
Iran,06/15/20,8950,113
Iran,06/16/20,9065,115
Iran,06/17/20,9185,120
Iran,06/18/20,9272,87
Iran,06/19/20,9392,120
Iran,06/20/20,9507,115
Iran,06/21/20,9623,116
Iran,06/22/20,9742,119
Iran,06/23/20,9863,121
Iran,06/24/20,9996,133
Iran,06/25/20,10130,134
Iran,06/26/20,10239,109
Iran,06/27/20,10364,125
Iran,06/28/20,10508,144
Iran,06/29/20,10670,162
Iran,06/30/20,10817,147
Iran,07/01/20,10958,141
Iran,07/02/20,11106,148
Iran,07/03/20,11260,154
Iran,07/04/20,11408,148
Iran,07/05/20,11571,163
Iran,07/06/20,11731,160
Iran,07/07/20,11931,200
Iran,07/08/20,12084,153
Iran,07/09/20,12305,221
Iran,07/10/20,12447,142
Iran,07/11/20,12635,188
Iran,07/12/20,12829,194
Iran,07/13/20,13032,203
Iran,07/14/20,13211,179
Iran,07/15/20,13410,199
Iran,07/16/20,13608,198
Iran,07/17/20,13791,183
Iran,07/18/20,13979,188
Iran,07/19/20,14188,209
Iran,07/20/20,14405,217
Iran,07/21/20,14634,229
Iran,07/22/20,14853,219
Iran,07/23/20,15074,221
Iran,07/24/20,15289,215
Iran,07/25/20,15484,195
Iran,07/26/20,15700,216
Iran,07/27/20,15912,212
Italy,03/01/20,34,5
Italy,03/02/20,52,18
Italy,03/03/20,79,27
Italy,03/04/20,107,28
Italy,03/05/20,148,41
Italy,03/06/20,197,49
Italy,03/07/20,233,36
Italy,03/08/20,366,133
Italy,03/09/20,463,97
Italy,03/10/20,631,168
Italy,03/11/20,827,196
Italy,03/12/20,1016,189
Italy,03/13/20,1266,250
Italy,03/14/20,1441,175
Italy,03/15/20,1809,368
Italy,03/16/20,2158,349
Italy,03/17/20,2503,345
Italy,03/18/20,2978,475
Italy,03/19/20,3405,427
Italy,03/20/20,4032,627
Italy,03/21/20,4825,793
Italy,03/22/20,5476,651
Italy,03/23/20,6077,601
Italy,03/24/20,6820,743
Italy,03/25/20,7503,683
Italy,03/26/20,8215,712
Italy,03/27/20,9134,919
Italy,03/28/20,10023,889
Italy,03/29/20,10779,756
Italy,03/30/20,11591,812
Italy,03/31/20,12428,837
Italy,04/01/20,13155,727
Italy,04/02/20,13915,760
Italy,04/03/20,14681,766
Italy,04/04/20,15362,681
Italy,04/05/20,15887,525
Italy,04/06/20,16523,636
Italy,04/07/20,17127,604
Italy,04/08/20,17669,542
Italy,04/09/20,18279,610
Italy,04/10/20,18849,570
Italy,04/11/20,19468,619
Italy,04/12/20,19899,431
Italy,04/13/20,20465,566
Italy,04/14/20,21067,602
Italy,04/15/20,21645,578
Italy,04/16/20,22170,525
Italy,04/17/20,22745,575
Italy,04/18/20,23227,482
Italy,04/19/20,23660,433
Italy,04/20/20,24114,454
Italy,04/21/20,24648,534
Italy,04/22/20,25085,437
Italy,04/23/20,25549,464
Italy,04/24/20,25969,420
Italy,04/25/20,26384,415
Italy,04/26/20,26644,260
Italy,04/27/20,26977,333
Italy,04/28/20,27359,382
Italy,04/29/20,27682,323
Italy,04/30/20,27967,285
Italy,05/01/20,28236,269
Italy,05/02/20,28710,474
Italy,05/03/20,28884,174
Italy,05/04/20,29079,195
Italy,05/05/20,29315,236
Italy,05/06/20,29684,369
Italy,05/07/20,29958,274
Italy,05/08/20,30201,243
Italy,05/09/20,30395,194
Italy,05/10/20,30560,165
Italy,05/11/20,30739,179
Italy,05/12/20,30911,172
Italy,05/13/20,31106,195
Italy,05/14/20,31368,262
Italy,05/15/20,31610,242
Italy,05/16/20,31763,153
Italy,05/17/20,31908,145
Italy,05/18/20,32007,99
Italy,05/19/20,32169,162
Italy,05/20/20,32330,161
Italy,05/21/20,32486,156
Italy,05/22/20,32616,130
Italy,05/23/20,32735,119
Italy,05/24/20,32785,50
Italy,05/25/20,32877,92
Italy,05/26/20,32955,78
Italy,05/27/20,33072,117
Italy,05/28/20,33142,70
Italy,05/29/20,33229,87
Italy,05/30/20,33340,111
Italy,05/31/20,33415,75
Italy,06/01/20,33475,60
Italy,06/02/20,33530,55
Italy,06/03/20,33601,71
Italy,06/04/20,33689,88
Italy,06/05/20,33774,85
Italy,06/06/20,33846,72
Italy,06/07/20,33899,53
Italy,06/08/20,33964,65
Italy,06/09/20,34043,79
Italy,06/10/20,34114,71
Italy,06/11/20,34167,53
Italy,06/12/20,34223,56
Italy,06/13/20,34301,78
Italy,06/14/20,34345,44
Italy,06/15/20,34371,26
Italy,06/16/20,34405,34
Italy,06/17/20,34448,43
Italy,06/18/20,34514,66
Italy,06/19/20,34561,47
Italy,06/20/20,34610,49
Italy,06/21/20,34634,24
Italy,06/22/20,34657,23
Italy,06/23/20,34675,18
Italy,06/24/20,34644,-31
Italy,06/25/20,34678,34
Italy,06/26/20,34708,30
Italy,06/27/20,34716,8
Italy,06/28/20,34738,22
Italy,06/29/20,34744,6
Italy,06/30/20,34767,23
Italy,07/01/20,34788,21
Italy,07/02/20,34818,30
Italy,07/03/20,34833,15
Italy,07/04/20,34854,21
Italy,07/05/20,34861,7
Italy,07/06/20,34869,8
Italy,07/07/20,34899,30
Italy,07/08/20,34914,15
Italy,07/09/20,34926,12
Italy,07/10/20,34938,12
Italy,07/11/20,34945,7
Italy,07/12/20,34954,9
Italy,07/13/20,34967,13
Italy,07/14/20,34984,17
Italy,07/15/20,34997,13
Italy,07/16/20,35017,20
Italy,07/17/20,35028,11
Italy,07/18/20,35042,14
Italy,07/19/20,35045,3
Italy,07/20/20,35058,13
Italy,07/21/20,35073,15
Italy,07/22/20,35082,9
Italy,07/23/20,35092,10
Italy,07/24/20,35097,5
Italy,07/25/20,35102,5
Italy,07/26/20,35107,5
Italy,07/27/20,35112,5
Mexico,03/01/20,0,0
Mexico,03/02/20,0,0
Mexico,03/03/20,0,0
Mexico,03/04/20,0,0
Mexico,03/05/20,0,0
Mexico,03/06/20,0,0
Mexico,03/07/20,0,0
Mexico,03/08/20,0,0
Mexico,03/09/20,0,0
Mexico,03/10/20,0,0
Mexico,03/11/20,0,0
Mexico,03/12/20,0,0
Mexico,03/13/20,0,0
Mexico,03/14/20,0,0
Mexico,03/15/20,0,0
Mexico,03/16/20,0,0
Mexico,03/17/20,0,0
Mexico,03/18/20,0,0
Mexico,03/19/20,1,1
Mexico,03/20/20,2,1
Mexico,03/21/20,2,0
Mexico,03/22/20,3,1
Mexico,03/23/20,4,1
Mexico,03/24/20,5,1
Mexico,03/25/20,6,1
Mexico,03/26/20,8,2
Mexico,03/27/20,12,4
Mexico,03/28/20,16,4
Mexico,03/29/20,20,4
Mexico,03/30/20,28,8
Mexico,03/31/20,29,1
Mexico,04/01/20,37,8
Mexico,04/02/20,50,13
Mexico,04/03/20,60,10
Mexico,04/04/20,79,19
Mexico,04/05/20,94,15
Mexico,04/06/20,125,31
Mexico,04/07/20,141,16
Mexico,04/08/20,174,33
Mexico,04/09/20,194,20
Mexico,04/10/20,233,39
Mexico,04/11/20,273,40
Mexico,04/12/20,296,23
Mexico,04/13/20,332,36
Mexico,04/14/20,406,74
Mexico,04/15/20,449,43
Mexico,04/16/20,486,37
Mexico,04/17/20,546,60
Mexico,04/18/20,650,104
Mexico,04/19/20,686,36
Mexico,04/20/20,712,26
Mexico,04/21/20,857,145
Mexico,04/22/20,970,113
Mexico,04/23/20,1069,99
Mexico,04/24/20,1221,152
Mexico,04/25/20,1305,84
Mexico,04/26/20,1351,46
Mexico,04/27/20,1434,83
Mexico,04/28/20,1569,135
Mexico,04/29/20,1732,163
Mexico,04/30/20,1859,127
Mexico,05/01/20,1972,113
Mexico,05/02/20,2061,89
Mexico,05/03/20,2154,93
Mexico,05/04/20,2271,117
Mexico,05/05/20,2507,236
Mexico,05/06/20,2704,197
Mexico,05/07/20,2961,257
Mexico,05/08/20,3160,199
Mexico,05/09/20,3353,193
Mexico,05/10/20,3465,112
Mexico,05/11/20,3573,108
Mexico,05/12/20,3926,353
Mexico,05/13/20,4220,294
Mexico,05/14/20,4477,257
Mexico,05/15/20,4767,290
Mexico,05/16/20,5045,278
Mexico,05/17/20,5177,132
Mexico,05/18/20,5332,155
Mexico,05/19/20,5666,334
Mexico,05/20/20,6090,424
Mexico,05/21/20,6510,420
Mexico,05/22/20,6989,479
Mexico,05/23/20,7179,190
Mexico,05/24/20,7394,215
Mexico,05/25/20,7633,239
Mexico,05/26/20,8134,501
Mexico,05/27/20,8597,463
Mexico,05/28/20,9044,447
Mexico,05/29/20,9415,371
Mexico,05/30/20,9779,364
Mexico,05/31/20,9930,151
Mexico,06/01/20,10167,237
Mexico,06/02/20,10637,470
Mexico,06/03/20,11729,1092
Mexico,06/04/20,12545,816
Mexico,06/05/20,13170,625
Mexico,06/06/20,13511,341
Mexico,06/07/20,13699,188
Mexico,06/08/20,14053,354
Mexico,06/09/20,14649,596
Mexico,06/10/20,15357,708
Mexico,06/11/20,15944,587
Mexico,06/12/20,16448,504
Mexico,06/13/20,16872,424
Mexico,06/14/20,17141,269
Mexico,06/15/20,17580,439
Mexico,06/16/20,18310,730
Mexico,06/17/20,19080,770
Mexico,06/18/20,19747,667
Mexico,06/19/20,20394,647
Mexico,06/20/20,20781,387
Mexico,06/21/20,21825,1044
Mexico,06/22/20,22584,759
Mexico,06/23/20,23377,793
Mexico,06/24/20,24324,947
Mexico,06/25/20,25060,736
Mexico,06/26/20,25779,719
Mexico,06/27/20,26381,602
Mexico,06/28/20,26648,267
Mexico,06/29/20,27121,473
Mexico,06/30/20,27769,648
Mexico,07/01/20,28510,741
Mexico,07/02/20,29189,679
Mexico,07/03/20,29843,654
Mexico,07/04/20,30366,523
Mexico,07/05/20,30639,273
Mexico,07/06/20,31119,480
Mexico,07/07/20,32014,895
Mexico,07/08/20,32796,782
Mexico,07/09/20,33526,730
Mexico,07/10/20,34191,665
Mexico,07/11/20,34730,539
Mexico,07/12/20,35006,276
Mexico,07/13/20,35491,485
Mexico,07/14/20,36327,836
Mexico,07/15/20,36906,579
Mexico,07/16/20,37574,668
Mexico,07/17/20,38310,736
Mexico,07/18/20,38888,578
Mexico,07/19/20,39184,296
Mexico,07/20/20,39485,301
Mexico,07/21/20,40400,915
Mexico,07/22/20,41190,790
Mexico,07/23/20,41908,718
Mexico,07/24/20,42645,737
Mexico,07/25/20,42645,0
Mexico,07/26/20,43680,1035
Mexico,07/27/20,44022,342
Peru,03/01/20,0,0
Peru,03/02/20,0,0
Peru,03/03/20,0,0
Peru,03/04/20,0,0
Peru,03/05/20,0,0
Peru,03/06/20,0,0
Peru,03/07/20,0,0
Peru,03/08/20,0,0
Peru,03/09/20,0,0
Peru,03/10/20,0,0
Peru,03/11/20,0,0
Peru,03/12/20,0,0
Peru,03/13/20,0,0
Peru,03/14/20,0,0
Peru,03/15/20,0,0
Peru,03/16/20,0,0
Peru,03/17/20,0,0
Peru,03/18/20,0,0
Peru,03/19/20,0,0
Peru,03/20/20,3,3
Peru,03/21/20,5,2
Peru,03/22/20,5,0
Peru,03/23/20,5,0
Peru,03/24/20,7,2
Peru,03/25/20,9,2
Peru,03/26/20,9,0
Peru,03/27/20,11,2
Peru,03/28/20,16,5
Peru,03/29/20,18,2
Peru,03/30/20,24,6
Peru,03/31/20,30,6
Peru,04/01/20,38,8
Peru,04/02/20,55,17
Peru,04/03/20,61,6
Peru,04/04/20,73,12
Peru,04/05/20,83,10
Peru,04/06/20,92,9
Peru,04/07/20,107,15
Peru,04/08/20,121,14
Peru,04/09/20,138,17
Peru,04/10/20,169,31
Peru,04/11/20,181,12
Peru,04/12/20,193,12
Peru,04/13/20,216,23
Peru,04/14/20,230,14
Peru,04/15/20,254,24
Peru,04/16/20,274,20
Peru,04/17/20,300,26
Peru,04/18/20,348,48
Peru,04/19/20,400,52
Peru,04/20/20,445,45
Peru,04/21/20,484,39
Peru,04/22/20,530,46
Peru,04/23/20,572,42
Peru,04/24/20,634,62
Peru,04/25/20,700,66
Peru,04/26/20,728,28
Peru,04/27/20,782,54
Peru,04/28/20,854,72
Peru,04/29/20,943,89
Peru,04/30/20,1051,108
Peru,05/01/20,1124,73
Peru,05/02/20,1200,76
Peru,05/03/20,1286,86
Peru,05/04/20,1344,58
Peru,05/05/20,1444,100
Peru,05/06/20,1533,89
Peru,05/07/20,1627,94
Peru,05/08/20,1714,87
Peru,05/09/20,1814,100
Peru,05/10/20,1889,75
Peru,05/11/20,1961,72
Peru,05/12/20,2057,96
Peru,05/13/20,2169,112
Peru,05/14/20,2267,98
Peru,05/15/20,2392,125
Peru,05/16/20,2523,131
Peru,05/17/20,2648,125
Peru,05/18/20,2789,141
Peru,05/19/20,2914,125
Peru,05/20/20,3024,110
Peru,05/21/20,3148,124
Peru,05/22/20,3244,96
Peru,05/23/20,3373,129
Peru,05/24/20,3456,83
Peru,05/25/20,3629,173
Peru,05/26/20,3788,159
Peru,05/27/20,3983,195
Peru,05/28/20,4099,116
Peru,05/29/20,4230,131
Peru,05/30/20,4371,141
Peru,05/31/20,4506,135
Peru,06/01/20,4634,128
Peru,06/02/20,4767,133
Peru,06/03/20,4894,127
Peru,06/04/20,5031,137
Peru,06/05/20,5162,131
Peru,06/06/20,5301,139
Peru,06/07/20,5465,164
Peru,06/08/20,5571,106
Peru,06/09/20,5738,167
Peru,06/10/20,5903,165
Peru,06/11/20,6088,185
Peru,06/12/20,6088,0
Peru,06/13/20,6308,220
Peru,06/14/20,6688,380
Peru,06/15/20,6860,172
Peru,06/16/20,7056,196
Peru,06/17/20,7257,201
Peru,06/18/20,7461,204
Peru,06/19/20,7660,199
Peru,06/20/20,7861,201
Peru,06/21/20,8045,184
Peru,06/22/20,8223,178
Peru,06/23/20,8404,181
Peru,06/24/20,8586,182
Peru,06/25/20,8761,175
Peru,06/26/20,8939,178
Peru,06/27/20,9135,196
Peru,06/28/20,9317,182
Peru,06/29/20,9504,187
Peru,06/30/20,9677,173
Peru,07/01/20,9860,183
Peru,07/02/20,10045,185
Peru,07/03/20,10226,181
Peru,07/04/20,10412,186
Peru,07/05/20,10589,177
Peru,07/06/20,10772,183
Peru,07/07/20,10952,180
Peru,07/08/20,11133,181
Peru,07/09/20,11314,181
Peru,07/10/20,11500,186
Peru,07/11/20,11682,182
Peru,07/12/20,11870,188
Peru,07/13/20,12054,184
Peru,07/14/20,12229,175
Peru,07/15/20,12417,188
Peru,07/16/20,12615,198
Peru,07/17/20,12799,184
Peru,07/18/20,12998,199
Peru,07/19/20,13187,189
Peru,07/20/20,13384,197
Peru,07/21/20,13579,195
Peru,07/22/20,13767,188
Peru,07/23/20,17654,3887
Peru,07/24/20,17843,189
Peru,07/25/20,17843,0
Peru,07/26/20,17843,0
Peru,07/27/20,18418,575
Spain,03/01/20,0,0
Spain,03/02/20,0,0
Spain,03/03/20,1,1
Spain,03/04/20,2,1
Spain,03/05/20,3,1
Spain,03/06/20,5,2
Spain,03/07/20,10,5
Spain,03/08/20,17,7
Spain,03/09/20,28,11
Spain,03/10/20,35,7
Spain,03/11/20,54,19
Spain,03/12/20,55,1
Spain,03/13/20,133,78
Spain,03/14/20,195,62
Spain,03/15/20,289,94
Spain,03/16/20,342,53
Spain,03/17/20,533,191
Spain,03/18/20,623,90
Spain,03/19/20,830,207
Spain,03/20/20,1043,213
Spain,03/21/20,1375,332
Spain,03/22/20,1772,397
Spain,03/23/20,2311,539
Spain,03/24/20,2808,497
Spain,03/25/20,3647,839
Spain,03/26/20,4365,718
Spain,03/27/20,5138,773
Spain,03/28/20,5982,844
Spain,03/29/20,6803,821
Spain,03/30/20,7716,913
Spain,03/31/20,8464,748
Spain,04/01/20,9387,923
Spain,04/02/20,10348,961
Spain,04/03/20,11198,850
Spain,04/04/20,11947,749
Spain,04/05/20,12641,694
Spain,04/06/20,13341,700
Spain,04/07/20,14045,704
Spain,04/08/20,14792,747
Spain,04/09/20,15447,655
Spain,04/10/20,16081,634
Spain,04/11/20,16606,525
Spain,04/12/20,17209,603
Spain,04/13/20,17756,547
Spain,04/14/20,18056,300
Spain,04/15/20,18708,652
Spain,04/16/20,19315,607
Spain,04/17/20,20002,687
Spain,04/18/20,20043,41
Spain,04/19/20,20453,410
Spain,04/20/20,20852,399
Spain,04/21/20,21282,430
Spain,04/22/20,21717,435
Spain,04/23/20,22157,440
Spain,04/24/20,22524,367
Spain,04/25/20,22902,378
Spain,04/26/20,23190,288
Spain,04/27/20,23521,331
Spain,04/28/20,23822,301
Spain,04/29/20,24275,453
Spain,04/30/20,24543,268
Spain,05/01/20,24543,0
Spain,05/02/20,25100,557
Spain,05/03/20,25264,164
Spain,05/04/20,25428,164
Spain,05/05/20,25613,185
Spain,05/06/20,25857,244
Spain,05/07/20,26070,213
Spain,05/08/20,26299,229
Spain,05/09/20,26478,179
Spain,05/10/20,26621,143
Spain,05/11/20,26744,123
Spain,05/12/20,26920,176
Spain,05/13/20,27104,184
Spain,05/14/20,27321,217
Spain,05/15/20,27459,138
Spain,05/16/20,27563,104
Spain,05/17/20,27563,0
Spain,05/18/20,27709,146
Spain,05/19/20,27778,69
Spain,05/20/20,27888,110
Spain,05/21/20,27940,52
Spain,05/22/20,28628,688
Spain,05/23/20,28678,50
Spain,05/24/20,28752,74
Spain,05/25/20,26834,0
Spain,05/26/20,27117,283
Spain,05/27/20,27117,0
Spain,05/28/20,27119,2
Spain,05/29/20,27121,2
Spain,05/30/20,27125,4
Spain,05/31/20,27127,2
Spain,06/01/20,27127,0
Spain,06/02/20,27127,0
Spain,06/03/20,27128,1
Spain,06/04/20,27133,5
Spain,06/05/20,27134,1
Spain,06/06/20,27135,1
Spain,06/07/20,27136,1
Spain,06/08/20,27136,0
Spain,06/09/20,27136,0
Spain,06/10/20,27136,0
Spain,06/11/20,27136,0
Spain,06/12/20,27136,0
Spain,06/13/20,27136,0
Spain,06/14/20,27136,0
Spain,06/15/20,27136,0
Spain,06/16/20,27136,0
Spain,06/17/20,27136,0
Spain,06/18/20,27136,0
Spain,06/19/20,28315,1179
Spain,06/20/20,28322,7
Spain,06/21/20,28323,1
Spain,06/22/20,28324,1
Spain,06/23/20,28325,1
Spain,06/24/20,28327,2
Spain,06/25/20,28330,3
Spain,06/26/20,28338,8
Spain,06/27/20,28341,3
Spain,06/28/20,28343,2
Spain,06/29/20,28346,3
Spain,06/30/20,28355,9
Spain,07/01/20,28364,9
Spain,07/02/20,28368,4
Spain,07/03/20,28385,17
Spain,07/04/20,28385,0
Spain,07/05/20,28385,0
Spain,07/06/20,28388,3
Spain,07/07/20,28392,4
Spain,07/08/20,28396,4
Spain,07/09/20,28401,5
Spain,07/10/20,28403,2
Spain,07/11/20,28403,0
Spain,07/12/20,28403,0
Spain,07/13/20,28406,3
Spain,07/14/20,28409,3
Spain,07/15/20,28413,4
Spain,07/16/20,28416,3
Spain,07/17/20,28420,4
Spain,07/18/20,28420,0
Spain,07/19/20,28420,0
Spain,07/20/20,28422,2
Spain,07/21/20,28424,2
Spain,07/22/20,28426,2
Spain,07/23/20,28429,3
Spain,07/24/20,28432,3
Spain,07/25/20,28432,0
Spain,07/26/20,28432,0
Spain,07/27/20,28434,2
United Kingdom,03/01/20,0,0
United Kingdom,03/02/20,0,0
United Kingdom,03/03/20,0,0
United Kingdom,03/04/20,0,0
United Kingdom,03/05/20,0,0
United Kingdom,03/06/20,1,1
United Kingdom,03/07/20,2,1
United Kingdom,03/08/20,2,0
United Kingdom,03/09/20,3,1
United Kingdom,03/10/20,7,4
United Kingdom,03/11/20,7,0
United Kingdom,03/12/20,9,2
United Kingdom,03/13/20,10,1
United Kingdom,03/14/20,28,18
United Kingdom,03/15/20,43,15
United Kingdom,03/16/20,66,23
United Kingdom,03/17/20,82,16
United Kingdom,03/18/20,116,34
United Kingdom,03/19/20,159,43
United Kingdom,03/20/20,195,36
United Kingdom,03/21/20,251,56
United Kingdom,03/22/20,286,35
United Kingdom,03/23/20,360,74
United Kingdom,03/24/20,509,149
United Kingdom,03/25/20,696,187
United Kingdom,03/26/20,880,184
United Kingdom,03/27/20,1164,284
United Kingdom,03/28/20,1458,294
United Kingdom,03/29/20,1673,215
United Kingdom,03/30/20,2047,374
United Kingdom,03/31/20,2430,383
United Kingdom,04/01/20,3101,671
United Kingdom,04/02/20,3753,652
United Kingdom,04/03/20,4468,715
United Kingdom,04/04/20,5229,761
United Kingdom,04/05/20,5875,646
United Kingdom,04/06/20,6446,571
United Kingdom,04/07/20,7484,1038
United Kingdom,04/08/20,8520,1036
United Kingdom,04/09/20,9631,1111
United Kingdom,04/10/20,10784,1153
United Kingdom,04/11/20,11625,841
United Kingdom,04/12/20,12311,686
United Kingdom,04/13/20,13056,745
United Kingdom,04/14/20,14107,1051
United Kingdom,04/15/20,14953,846
United Kingdom,04/16/20,15986,1033
United Kingdom,04/17/20,16923,937
United Kingdom,04/18/20,18041,1118
United Kingdom,04/19/20,18540,499
United Kingdom,04/20/20,19105,565
United Kingdom,04/21/20,20278,1173
United Kingdom,04/22/20,21125,847
United Kingdom,04/23/20,21854,729
United Kingdom,04/24/20,22868,1014
United Kingdom,04/25/20,23712,844
United Kingdom,04/26/20,24132,420
United Kingdom,04/27/20,24473,341
United Kingdom,04/28/20,25386,913
United Kingdom,04/29/20,26183,797
United Kingdom,04/30/20,26859,676
United Kingdom,05/01/20,27601,742
United Kingdom,05/02/20,28223,622
United Kingdom,05/03/20,28538,315
United Kingdom,05/04/20,28827,289
United Kingdom,05/05/20,29520,693
United Kingdom,05/06/20,30172,652
United Kingdom,05/07/20,30712,540
United Kingdom,05/08/20,31340,628
United Kingdom,05/09/20,31685,345
United Kingdom,05/10/20,31954,269
United Kingdom,05/11/20,32166,212
United Kingdom,05/12/20,32797,631
United Kingdom,05/13/20,33294,497
United Kingdom,05/14/20,33723,429
United Kingdom,05/15/20,34108,385
United Kingdom,05/16/20,34588,480
United Kingdom,05/17/20,34758,170
United Kingdom,05/18/20,34918,160
United Kingdom,05/19/20,35467,549
United Kingdom,05/20/20,35837,370
United Kingdom,05/21/20,36175,338
United Kingdom,05/22/20,36533,358
United Kingdom,05/23/20,36816,283
United Kingdom,05/24/20,37257,441
United Kingdom,05/25/20,37379,122
United Kingdom,05/26/20,37515,136
United Kingdom,05/27/20,37958,443
United Kingdom,05/28/20,38374,416
United Kingdom,05/29/20,38747,373
United Kingdom,05/30/20,38977,230
United Kingdom,05/31/20,39092,115
United Kingdom,06/01/20,39203,111
United Kingdom,06/02/20,39530,327
United Kingdom,06/03/20,39895,365
United Kingdom,06/04/20,40072,177
United Kingdom,06/05/20,40430,358
United Kingdom,06/06/20,40637,207
United Kingdom,06/07/20,40714,77
United Kingdom,06/08/20,40769,55
United Kingdom,06/09/20,41060,291
United Kingdom,06/10/20,41310,250
United Kingdom,06/11/20,41462,152
United Kingdom,06/12/20,41666,204
United Kingdom,06/13/20,41849,183
United Kingdom,06/14/20,41885,36
United Kingdom,06/15/20,41923,38
United Kingdom,06/16/20,42159,236
United Kingdom,06/17/20,42343,184
United Kingdom,06/18/20,42480,137
United Kingdom,06/19/20,42653,173
United Kingdom,06/20/20,42783,130
United Kingdom,06/21/20,42826,43
United Kingdom,06/22/20,42840,14
United Kingdom,06/23/20,43011,171
United Kingdom,06/24/20,43165,154
United Kingdom,06/25/20,43314,149
United Kingdom,06/26/20,43498,184
United Kingdom,06/27/20,43598,100
United Kingdom,06/28/20,43634,36
United Kingdom,06/29/20,43659,25
United Kingdom,06/30/20,43815,156
United Kingdom,07/01/20,43991,176
United Kingdom,07/02/20,44080,89
United Kingdom,07/03/20,44216,136
United Kingdom,07/04/20,44283,67
United Kingdom,07/05/20,44305,22
United Kingdom,07/06/20,44321,16
United Kingdom,07/07/20,44476,155
United Kingdom,07/08/20,44602,126
United Kingdom,07/09/20,44687,85
United Kingdom,07/10/20,44735,48
United Kingdom,07/11/20,44883,148
United Kingdom,07/12/20,44904,21
United Kingdom,07/13/20,44915,11
United Kingdom,07/14/20,45053,138
United Kingdom,07/15/20,45138,85
United Kingdom,07/16/20,45204,66
United Kingdom,07/17/20,45318,114
United Kingdom,07/18/20,45358,40
United Kingdom,07/19/20,45385,27
United Kingdom,07/20/20,45397,12
United Kingdom,07/21/20,45507,110
United Kingdom,07/22/20,45586,79
United Kingdom,07/23/20,45639,53
United Kingdom,07/24/20,45762,123
United Kingdom,07/25/20,45823,61
United Kingdom,07/26/20,45837,14
United Kingdom,07/27/20,45844,7
US,03/01/20,1,0
US,03/02/20,6,5
US,03/03/20,7,1
US,03/04/20,11,4
US,03/05/20,12,1
US,03/06/20,14,2
US,03/07/20,17,3
US,03/08/20,21,4
US,03/09/20,22,1
US,03/10/20,28,6
US,03/11/20,33,5
US,03/12/20,43,10
US,03/13/20,52,9
US,03/14/20,58,6
US,03/15/20,70,12
US,03/16/20,97,27
US,03/17/20,131,34
US,03/18/20,188,57
US,03/19/20,265,77
US,03/20/20,362,97
US,03/21/20,456,94
US,03/22/20,601,145
US,03/23/20,784,183
US,03/24/20,1021,237
US,03/25/20,1333,312
US,03/26/20,1746,413
US,03/27/20,2300,554
US,03/28/20,2934,634
US,03/29/20,3561,627
US,03/30/20,4381,820
US,03/31/20,5605,1224
US,04/01/20,6846,1241
US,04/02/20,8432,1586
US,04/03/20,9747,1315
US,04/04/20,11031,1284
US,04/05/20,12470,1439
US,04/06/20,14138,1668
US,04/07/20,16447,2309
US,04/08/20,18563,2116
US,04/09/20,20638,2075
US,04/10/20,22731,2093
US,04/11/20,24777,2046
US,04/12/20,26548,1771
US,04/13/20,28376,1828
US,04/14/20,30780,2404
US,04/15/20,33329,2549
US,04/16/20,35442,2113
US,04/17/20,38056,2614
US,04/18/20,40442,2386
US,04/19/20,41671,1229
US,04/20/20,43466,1795
US,04/21/20,45923,2457
US,04/22/20,48312,2389
US,04/23/20,50749,2437
US,04/24/20,52867,2118
US,04/25/20,54517,1650
US,04/26/20,55810,1293
US,04/27/20,57235,1425
US,04/28/20,59454,2219
US,04/29/20,61960,2506
US,04/30/20,64256,2296
US,05/01/20,66125,1869
US,05/02/20,67681,1556
US,05/03/20,68777,1096
US,05/04/20,70086,1309
US,05/05/20,72393,2307
US,05/06/20,74851,2458
US,05/07/20,76770,1919
US,05/08/20,78497,1727
US,05/09/20,79976,1479
US,05/10/20,80855,879
US,05/11/20,81868,1013
US,05/12/20,83483,1615
US,05/13/20,85234,1751
US,05/14/20,87008,1774
US,05/15/20,88669,1661
US,05/16/20,89892,1223
US,05/17/20,90644,752
US,05/18/20,91414,770
US,05/19/20,92965,1551
US,05/20/20,94533,1568
US,05/21/20,95756,1223
US,05/22/20,97025,1269
US,05/23/20,98146,1121
US,05/24/20,98754,608
US,05/25/20,99267,513
US,05/26/20,99952,685
US,05/27/20,101461,1509
US,05/28/20,102643,1182
US,05/29/20,103809,1166
US,05/30/20,104778,969
US,05/31/20,105364,586
US,06/01/20,106136,772
US,06/02/20,107169,1033
US,06/03/20,108159,990
US,06/04/20,109168,1009
US,06/05/20,110138,970
US,06/06/20,110818,680
US,06/07/20,111269,451
US,06/08/20,111774,505
US,06/09/20,112714,940
US,06/10/20,113631,917
US,06/11/20,114512,881
US,06/12/20,115334,822
US,06/13/20,116084,750
US,06/14/20,116382,298
US,06/15/20,116773,391
US,06/16/20,117612,839
US,06/17/20,118363,751
US,06/18/20,119067,704
US,06/19/20,119739,672
US,06/20/20,120349,610
US,06/21/20,120604,255
US,06/22/20,121010,406
US,06/23/20,121847,837
US,06/24/20,122604,757
US,06/25/20,125026,2422
US,06/26/20,125631,605
US,06/27/20,126120,489
US,06/28/20,126361,241
US,06/29/20,126711,350
US,06/30/20,127432,721
US,07/01/20,128105,673
US,07/02/20,128803,698
US,07/03/20,129442,639
US,07/04/20,129689,247
US,07/05/20,129960,271
US,07/06/20,130285,325
US,07/07/20,131480,1195
US,07/08/20,132300,820
US,07/09/20,133290,990
US,07/10/20,134101,811
US,07/11/20,134777,676
US,07/12/20,135205,428
US,07/13/20,135566,361
US,07/14/20,136466,900
US,07/15/20,137415,949
US,07/16/20,138358,943
US,07/17/20,139266,908
US,07/18/20,140119,853
US,07/19/20,140534,415
US,07/20/20,141025,491
US,07/21/20,142121,1096
US,07/22/20,143316,1195
US,07/23/20,144430,1114
US,07/24/20,145560,1130
US,07/25/20,146465,905
US,07/26/20,146935,470
US,07/27/20,148012,1077
