country,date,total_cases,daily_cases
Brazil,01/22/20,0,0
Brazil,01/23/20,0,0
Brazil,01/24/20,0,0
Brazil,01/25/20,0,0
Brazil,01/26/20,0,0
Brazil,01/27/20,0,0
Brazil,01/28/20,0,0
Brazil,01/29/20,0,0
Brazil,01/30/20,0,0
Brazil,01/31/20,0,0
Brazil,02/01/20,0,0
Brazil,02/02/20,0,0
Brazil,02/03/20,0,0
Brazil,02/04/20,0,0
Brazil,02/05/20,0,0
Brazil,02/06/20,0,0
Brazil,02/07/20,0,0
Brazil,02/08/20,0,0
Brazil,02/09/20,0,0
Brazil,02/10/20,0,0
Brazil,02/11/20,0,0
Brazil,02/12/20,0,0
Brazil,02/13/20,0,0
Brazil,02/14/20,0,0
Brazil,02/15/20,0,0
Brazil,02/16/20,0,0
Brazil,02/17/20,0,0
Brazil,02/18/20,0,0
Brazil,02/19/20,0,0
Brazil,02/20/20,0,0
Brazil,02/21/20,0,0
Brazil,02/22/20,0,0
Brazil,02/23/20,0,0
Brazil,02/24/20,0,0
Brazil,02/25/20,0,0
Brazil,02/26/20,1,1
Brazil,02/27/20,1,0
Brazil,02/28/20,1,0
Brazil,02/29/20,2,1
Brazil,03/01/20,2,0
Brazil,03/02/20,2,0
Brazil,03/03/20,2,0
Brazil,03/04/20,4,2
Brazil,03/05/20,4,0
Brazil,03/06/20,13,9
Brazil,03/07/20,13,0
Brazil,03/08/20,20,7
Brazil,03/09/20,25,5
Brazil,03/10/20,31,6
Brazil,03/11/20,38,7
Brazil,03/12/20,52,14
Brazil,03/13/20,151,99
Brazil,03/14/20,151,0
Brazil,03/15/20,162,11
Brazil,03/16/20,200,38
Brazil,03/17/20,321,121
Brazil,03/18/20,372,51
Brazil,03/19/20,621,249
Brazil,03/20/20,793,172
Brazil,03/21/20,1021,228
Brazil,03/22/20,1546,525
Brazil,03/23/20,1924,378
Brazil,03/24/20,2247,323
Brazil,03/25/20,2554,307
Brazil,03/26/20,2985,431
Brazil,03/27/20,3417,432
Brazil,03/28/20,3904,487
Brazil,03/29/20,4256,352
Brazil,03/30/20,4579,323
Brazil,03/31/20,5717,1138
Brazil,04/01/20,6836,1119
Brazil,04/02/20,8044,1208
Brazil,04/03/20,9056,1012
Brazil,04/04/20,10360,1304
Brazil,04/05/20,11130,770
Brazil,04/06/20,12161,1031
Brazil,04/07/20,14034,1873
Brazil,04/08/20,16170,2136
Brazil,04/09/20,18092,1922
Brazil,04/10/20,19638,1546
Brazil,04/11/20,20727,1089
Brazil,04/12/20,22192,1465
Brazil,04/13/20,23430,1238
Brazil,04/14/20,25262,1832
Brazil,04/15/20,28320,3058
Brazil,04/16/20,30425,2105
Brazil,04/17/20,33682,3257
Brazil,04/18/20,36658,2976
Brazil,04/19/20,38654,1996
Brazil,04/20/20,40743,2089
Brazil,04/21/20,43079,2336
Brazil,04/22/20,45757,2678
Brazil,04/23/20,50036,4279
Brazil,04/24/20,54043,4007
Brazil,04/25/20,59324,5281
Brazil,04/26/20,63100,3776
Brazil,04/27/20,67446,4346
Brazil,04/28/20,73235,5789
Brazil,04/29/20,79685,6450
Brazil,04/30/20,87187,7502
Brazil,05/01/20,92202,5015
Brazil,05/02/20,97100,4898
Brazil,05/03/20,101826,4726
Brazil,05/04/20,108620,6794
Brazil,05/05/20,115455,6835
Brazil,05/06/20,126611,11156
Brazil,05/07/20,135773,9162
Brazil,05/08/20,146894,11121
Brazil,05/09/20,156061,9167
Brazil,05/10/20,162699,6638
Brazil,05/11/20,169594,6895
Brazil,05/12/20,178214,8620
Brazil,05/13/20,190137,11923
Brazil,05/14/20,203165,13028
Brazil,05/15/20,220291,17126
Brazil,05/16/20,233511,13220
Brazil,05/17/20,241080,7569
Brazil,05/18/20,255368,14288
Brazil,05/19/20,271885,16517
Brazil,05/20/20,291579,19694
Brazil,05/21/20,310087,18508
Brazil,05/22/20,330890,20803
Brazil,05/23/20,347398,16508
Brazil,05/24/20,363211,15813
Brazil,05/25/20,374898,11687
Brazil,05/26/20,391222,16324
Brazil,05/27/20,411821,20599
Brazil,05/28/20,438238,26417
Brazil,05/29/20,465166,26928
Brazil,05/30/20,498440,33274
Brazil,05/31/20,514849,16409
Brazil,06/01/20,526447,11598
Brazil,06/02/20,555383,28936
Brazil,06/03/20,584016,28633
Brazil,06/04/20,614941,30925
Brazil,06/05/20,645771,30830
Brazil,06/06/20,672846,27075
Brazil,06/07/20,691758,18912
Brazil,06/08/20,707412,15654
Brazil,06/09/20,739503,32091
Brazil,06/10/20,772416,32913
Brazil,06/11/20,802828,30412
Brazil,06/12/20,828810,25982
Brazil,06/13/20,850514,21704
Brazil,06/14/20,867624,17110
Brazil,06/15/20,888271,20647
Brazil,06/16/20,923189,34918
Brazil,06/17/20,955377,32188
Brazil,06/18/20,978142,22765
Brazil,06/19/20,1032913,54771
Brazil,06/20/20,1067579,34666
Brazil,06/21/20,1083341,15762
Brazil,06/22/20,1106470,23129
Brazil,06/23/20,1145906,39436
Brazil,06/24/20,1188631,42725
Brazil,06/25/20,1228114,39483
Brazil,06/26/20,1274974,46860
Brazil,06/27/20,1313667,38693
Brazil,06/28/20,1344143,30476
Brazil,06/29/20,1368195,24052
Brazil,06/30/20,1402041,33846
Brazil,07/01/20,1448753,46712
Brazil,07/02/20,1496858,48105
Brazil,07/03/20,1539081,42223
Brazil,07/04/20,1577004,37923
Brazil,07/05/20,1603055,26051
Brazil,07/06/20,1623284,20229
Brazil,07/07/20,1668589,45305
Brazil,07/08/20,1713160,44571
Brazil,07/09/20,1755779,42619
Brazil,07/10/20,1800827,45048
Brazil,07/11/20,1839850,39023
Brazil,07/12/20,1864681,24831
Brazil,07/13/20,1884967,20286
Brazil,07/14/20,1926824,41857
Brazil,07/15/20,1966748,39924
Brazil,07/16/20,2012151,45403
Brazil,07/17/20,2046328,34177
Brazil,07/18/20,2074860,28532
Brazil,07/19/20,2098389,23529
Brazil,07/20/20,2118646,20257
Brazil,07/21/20,2159654,41008
Brazil,07/22/20,2227514,67860
Brazil,07/23/20,2287475,59961
Brazil,07/24/20,2343366,55891
Brazil,07/25/20,2394513,51147
Brazil,07/26/20,2419091,24578
Brazil,07/27/20,2442375,23284
Chile,01/22/20,0,0
Chile,01/23/20,0,0
Chile,01/24/20,0,0
Chile,01/25/20,0,0
Chile,01/26/20,0,0
Chile,01/27/20,0,0
Chile,01/28/20,0,0
Chile,01/29/20,0,0
Chile,01/30/20,0,0
Chile,01/31/20,0,0
Chile,02/01/20,0,0
Chile,02/02/20,0,0
Chile,02/03/20,0,0
Chile,02/04/20,0,0
Chile,02/05/20,0,0
Chile,02/06/20,0,0
Chile,02/07/20,0,0
Chile,02/08/20,0,0
Chile,02/09/20,0,0
Chile,02/10/20,0,0
Chile,02/11/20,0,0
Chile,02/12/20,0,0
Chile,02/13/20,0,0
Chile,02/14/20,0,0
Chile,02/15/20,0,0
Chile,02/16/20,0,0
Chile,02/17/20,0,0
Chile,02/18/20,0,0
Chile,02/19/20,0,0
Chile,02/20/20,0,0
Chile,02/21/20,0,0
Chile,02/22/20,0,0
Chile,02/23/20,2,2
Chile,02/24/20,2,0
Chile,02/25/20,2,0
Chile,02/26/20,2,0
Chile,02/27/20,2,0
Chile,02/28/20,2,0
Chile,02/29/20,2,0
Chile,03/01/20,9,7
Chile,03/02/20,9,0
Chile,03/03/20,10,1
Chile,03/04/20,10,0
Chile,03/05/20,13,3
Chile,03/06/20,13,0
Chile,03/07/20,13,0
Chile,03/08/20,20,7
Chile,03/09/20,20,0
Chile,03/10/20,25,5
Chile,03/11/20,35,10
Chile,03/12/20,35,0
Chile,03/13/20,55,20
Chile,03/14/20,88,33
Chile,03/15/20,101,13
Chile,03/16/20,182,81
Chile,03/17/20,228,46
Chile,03/18/20,265,37
Chile,03/19/20,265,0
Chile,03/20/20,461,196
Chile,03/21/20,592,131
Chile,03/22/20,687,95
Chile,03/23/20,801,114
Chile,03/24/20,977,176
Chile,03/25/20,1197,220
Chile,03/26/20,1361,164
Chile,03/27/20,1665,304
Chile,03/28/20,2015,350
Chile,03/29/20,2245,230
Chile,03/30/20,2555,310
Chile,03/31/20,2844,289
Chile,04/01/20,3137,293
Chile,04/02/20,3510,373
Chile,04/03/20,3843,333
Chile,04/04/20,4355,512
Chile,04/05/20,4665,310
Chile,04/06/20,5009,344
Chile,04/07/20,5310,301
Chile,04/08/20,5740,430
Chile,04/09/20,6166,426
Chile,04/10/20,6695,529
Chile,04/11/20,7366,671
Chile,04/12/20,7652,286
Chile,04/13/20,7964,312
Chile,04/14/20,8356,392
Chile,04/15/20,8712,356
Chile,04/16/20,9246,534
Chile,04/17/20,9691,445
Chile,04/18/20,10598,907
Chile,04/19/20,10956,358
Chile,04/20/20,11375,419
Chile,04/21/20,11700,325
Chile,04/22/20,12164,464
Chile,04/23/20,12680,516
Chile,04/24/20,13174,494
Chile,04/25/20,14537,1363
Chile,04/26/20,15010,473
Chile,04/27/20,15492,482
Chile,04/28/20,16044,552
Chile,04/29/20,16564,520
Chile,04/30/20,17702,1138
Chile,05/01/20,18687,985
Chile,05/02/20,21213,2526
Chile,05/03/20,22441,1228
Chile,05/04/20,23421,980
Chile,05/05/20,24794,1373
Chile,05/06/20,25826,1032
Chile,05/07/20,27359,1533
Chile,05/08/20,28750,1391
Chile,05/09/20,32208,3458
Chile,05/10/20,33855,1647
Chile,05/11/20,35052,1197
Chile,05/12/20,36710,1658
Chile,05/13/20,39370,2660
Chile,05/14/20,42029,2659
Chile,05/15/20,44531,2502
Chile,05/16/20,50016,5485
Chile,05/17/20,52369,2353
Chile,05/18/20,54647,2278
Chile,05/19/20,58167,3520
Chile,05/20/20,62205,4038
Chile,05/21/20,66169,3964
Chile,05/22/20,70445,4276
Chile,05/23/20,80287,9842
Chile,05/24/20,83996,3709
Chile,05/25/20,88891,4895
Chile,05/26/20,92855,3964
Chile,05/27/20,97183,4328
Chile,05/28/20,101837,4654
Chile,05/29/20,105532,3695
Chile,05/30/20,118720,13188
Chile,05/31/20,123550,4830
Chile,06/01/20,129020,5470
Chile,06/02/20,132548,3528
Chile,06/03/20,137490,4942
Chile,06/04/20,142154,4664
Chile,06/05/20,146361,4207
Chile,06/06/20,160351,13990
Chile,06/07/20,166756,6405
Chile,06/08/20,171452,4696
Chile,06/09/20,175365,3913
Chile,06/10/20,181062,5697
Chile,06/11/20,186698,5636
Chile,06/12/20,193452,6754
Chile,06/13/20,201634,8182
Chile,06/14/20,208572,6938
Chile,06/15/20,213715,5143
Chile,06/16/20,218728,5013
Chile,06/17/20,220628,1900
Chile,06/18/20,225103,4475
Chile,06/19/20,231393,6290
Chile,06/20/20,236748,5355
Chile,06/21/20,242355,5607
Chile,06/22/20,246963,4608
Chile,06/23/20,250767,3804
Chile,06/24/20,254416,3649
Chile,06/25/20,259064,4648
Chile,06/26/20,263360,4296
Chile,06/27/20,267766,4406
Chile,06/28/20,271982,4216
Chile,06/29/20,275999,4017
Chile,06/30/20,279393,3394
Chile,07/01/20,282043,2650
Chile,07/02/20,284541,2498
Chile,07/03/20,288089,3548
Chile,07/04/20,291847,3758
Chile,07/05/20,295532,3685
Chile,07/06/20,298557,3025
Chile,07/07/20,301019,2462
Chile,07/08/20,303083,2064
Chile,07/09/20,306216,3133
Chile,07/10/20,309274,3058
Chile,07/11/20,312029,2755
Chile,07/12/20,315041,3012
Chile,07/13/20,317657,2616
Chile,07/14/20,319493,1836
Chile,07/15/20,321205,1712
Chile,07/16/20,323698,2493
Chile,07/17/20,326439,2741
Chile,07/18/20,328846,2407
Chile,07/19/20,330930,2084
Chile,07/20/20,333029,2099
Chile,07/21/20,334683,1654
Chile,07/22/20,336402,1719
Chile,07/23/20,338759,2357
Chile,07/24/20,341304,2545
Chile,07/25/20,343592,2288
Chile,07/26/20,345790,2198
Chile,07/27/20,347923,2133
India,01/22/20,0,0
India,01/23/20,0,0
India,01/24/20,0,0
India,01/25/20,0,0
India,01/26/20,0,0
India,01/27/20,0,0
India,01/28/20,0,0
India,01/29/20,0,0
India,01/30/20,1,1
India,01/31/20,1,0
India,02/01/20,1,0
India,02/02/20,2,1
India,02/03/20,3,1
India,02/04/20,3,0
India,02/05/20,3,0
India,02/06/20,3,0
India,02/07/20,3,0
India,02/08/20,3,0
India,02/09/20,3,0
India,02/10/20,3,0
India,02/11/20,3,0
India,02/12/20,3,0
India,02/13/20,3,0
India,02/14/20,3,0
India,02/15/20,3,0
India,02/16/20,3,0
India,02/17/20,3,0
India,02/18/20,3,0
India,02/19/20,3,0
India,02/20/20,3,0
India,02/21/20,3,0
India,02/22/20,3,0
India,02/23/20,3,0
India,02/24/20,3,0
India,02/25/20,3,0
India,02/26/20,3,0
India,02/27/20,3,0
India,02/28/20,3,0
India,02/29/20,3,0
India,03/01/20,3,0
India,03/02/20,5,2
India,03/03/20,5,0
India,03/04/20,28,23
India,03/05/20,30,2
India,03/06/20,31,1
India,03/07/20,34,3
India,03/08/20,39,5
India,03/09/20,43,4
India,03/10/20,56,13
India,03/11/20,62,6
India,03/12/20,73,11
India,03/13/20,82,9
India,03/14/20,102,20
India,03/15/20,113,11
India,03/16/20,119,6
India,03/17/20,142,23
India,03/18/20,156,14
India,03/19/20,194,38
India,03/20/20,244,50
India,03/21/20,330,86
India,03/22/20,396,66
India,03/23/20,499,103
India,03/24/20,536,37
India,03/25/20,657,121
India,03/26/20,727,70
India,03/27/20,887,160
India,03/28/20,987,100
India,03/29/20,1024,37
India,03/30/20,1251,227
India,03/31/20,1397,146
India,04/01/20,1998,601
India,04/02/20,2543,545
India,04/03/20,2567,24
India,04/04/20,3082,515
India,04/05/20,3588,506
India,04/06/20,4778,1190
India,04/07/20,5311,533
India,04/08/20,5916,605
India,04/09/20,6725,809
India,04/10/20,7598,873
India,04/11/20,8446,848
India,04/12/20,9205,759
India,04/13/20,10453,1248
India,04/14/20,11487,1034
India,04/15/20,12322,835
India,04/16/20,13430,1108
India,04/17/20,14352,922
India,04/18/20,15722,1370
India,04/19/20,17615,1893
India,04/20/20,18539,924
India,04/21/20,20080,1541
India,04/22/20,21370,1290
India,04/23/20,23077,1707
India,04/24/20,24530,1453
India,04/25/20,26283,1753
India,04/26/20,27890,1607
India,04/27/20,29451,1561
India,04/28/20,31324,1873
India,04/29/20,33062,1738
India,04/30/20,34863,1801
India,05/01/20,37257,2394
India,05/02/20,39699,2442
India,05/03/20,42505,2806
India,05/04/20,46437,3932
India,05/05/20,49400,2963
India,05/06/20,52987,3587
India,05/07/20,56351,3364
India,05/08/20,59695,3344
India,05/09/20,62808,3113
India,05/10/20,67161,4353
India,05/11/20,70768,3607
India,05/12/20,74292,3524
India,05/13/20,78055,3763
India,05/14/20,81997,3942
India,05/15/20,85784,3787
India,05/16/20,90648,4864
India,05/17/20,95698,5050
India,05/18/20,100328,4630
India,05/19/20,106475,6147
India,05/20/20,112028,5553
India,05/21/20,118226,6198
India,05/22/20,124794,6568
India,05/23/20,131423,6629
India,05/24/20,138536,7113
India,05/25/20,144950,6414
India,05/26/20,150793,5843
India,05/27/20,158086,7293
India,05/28/20,165386,7300
India,05/29/20,173491,8105
India,05/30/20,181827,8336
India,05/31/20,190609,8782
India,06/01/20,198370,7761
India,06/02/20,207191,8821
India,06/03/20,216824,9633
India,06/04/20,226713,9889
India,06/05/20,236184,9471
India,06/06/20,246622,10438
India,06/07/20,257486,10864
India,06/08/20,265928,8442
India,06/09/20,276146,10218
India,06/10/20,286605,10459
India,06/11/20,297535,10930
India,06/12/20,308993,11458
India,06/13/20,320922,11929
India,06/14/20,332424,11502
India,06/15/20,343091,10667
India,06/16/20,354065,10974
India,06/17/20,366946,12881
India,06/18/20,380532,13586
India,06/19/20,395048,14516
India,06/20/20,410451,15403
India,06/21/20,425282,14831
India,06/22/20,440215,14933
India,06/23/20,456183,15968
India,06/24/20,473105,16922
India,06/25/20,490401,17296
India,06/26/20,508953,18552
India,06/27/20,528859,19906
India,06/28/20,548318,19459
India,06/29/20,566840,18522
India,06/30/20,585481,18641
India,07/01/20,604641,19160
India,07/02/20,625544,20903
India,07/03/20,648315,22771
India,07/04/20,673165,24850
India,07/05/20,697413,24248
India,07/06/20,719664,22251
India,07/07/20,742417,22753
India,07/08/20,767296,24879
India,07/09/20,793802,26506
India,07/10/20,820916,27114
India,07/11/20,849522,28606
India,07/12/20,878254,28732
India,07/13/20,906752,28498
India,07/14/20,936181,29429
India,07/15/20,968857,32676
India,07/16/20,1003832,34975
India,07/17/20,1039084,35252
India,07/18/20,1077781,38697
India,07/19/20,1118206,40425
India,07/20/20,1155338,37132
India,07/21/20,1193078,37740
India,07/22/20,1238798,45720
India,07/23/20,1288108,49310
India,07/24/20,1337024,48916
India,07/25/20,1385635,48611
India,07/26/20,1435616,49981
India,07/27/20,1480073,44457
Iran,01/22/20,0,0
Iran,01/23/20,0,0
Iran,01/24/20,0,0
Iran,01/25/20,0,0
Iran,01/26/20,0,0
Iran,01/27/20,0,0
Iran,01/28/20,0,0
Iran,01/29/20,0,0
Iran,01/30/20,0,0
Iran,01/31/20,0,0
Iran,02/01/20,0,0
Iran,02/02/20,0,0
Iran,02/03/20,0,0
Iran,02/04/20,0,0
Iran,02/05/20,0,0
Iran,02/06/20,0,0
Iran,02/07/20,0,0
Iran,02/08/20,0,0
Iran,02/09/20,0,0
Iran,02/10/20,0,0
Iran,02/11/20,0,0
Iran,02/12/20,0,0
Iran,02/13/20,0,0
Iran,02/14/20,0,0
Iran,02/15/20,0,0
Iran,02/16/20,0,0
Iran,02/17/20,0,0
Iran,02/18/20,0,0
Iran,02/19/20,2,2
Iran,02/20/20,5,3
Iran,02/21/20,18,13
Iran,02/22/20,28,10
Iran,02/23/20,43,15
Iran,02/24/20,61,18
Iran,02/25/20,95,34
Iran,02/26/20,139,44
Iran,02/27/20,245,106
Iran,02/28/20,388,143
Iran,02/29/20,593,205
Iran,03/01/20,978,385
Iran,03/02/20,1501,523
Iran,03/03/20,2336,835
Iran,03/04/20,2922,586
Iran,03/05/20,3513,591
Iran,03/06/20,4747,1234
Iran,03/07/20,5823,1076
Iran,03/08/20,6566,743
Iran,03/09/20,7161,595
Iran,03/10/20,8042,881
Iran,03/11/20,9000,958
Iran,03/12/20,10075,1075
Iran,03/13/20,11364,1289
Iran,03/14/20,12729,1365
Iran,03/15/20,13938,1209
Iran,03/16/20,14991,1053
Iran,03/17/20,16169,1178
Iran,03/18/20,17361,1192
Iran,03/19/20,18407,1046
Iran,03/20/20,19644,1237
Iran,03/21/20,20610,966
Iran,03/22/20,21638,1028
Iran,03/23/20,23049,1411
Iran,03/24/20,24811,1762
Iran,03/25/20,27017,2206
Iran,03/26/20,29406,2389
Iran,03/27/20,32332,2926
Iran,03/28/20,35408,3076
Iran,03/29/20,38309,2901
Iran,03/30/20,41495,3186
Iran,03/31/20,44605,3110
Iran,04/01/20,47593,2988
Iran,04/02/20,50468,2875
Iran,04/03/20,53183,2715
Iran,04/04/20,55743,2560
Iran,04/05/20,58226,2483
Iran,04/06/20,60500,2274
Iran,04/07/20,62589,2089
Iran,04/08/20,64586,1997
Iran,04/09/20,66220,1634
Iran,04/10/20,68192,1972
Iran,04/11/20,70029,1837
Iran,04/12/20,71686,1657
Iran,04/13/20,73303,1617
Iran,04/14/20,74877,1574
Iran,04/15/20,76389,1512
Iran,04/16/20,77995,1606
Iran,04/17/20,79494,1499
Iran,04/18/20,80868,1374
Iran,04/19/20,82211,1343
Iran,04/20/20,83505,1294
Iran,04/21/20,84802,1297
Iran,04/22/20,85996,1194
Iran,04/23/20,87026,1030
Iran,04/24/20,88194,1168
Iran,04/25/20,89328,1134
Iran,04/26/20,90481,1153
Iran,04/27/20,91472,991
Iran,04/28/20,92584,1112
Iran,04/29/20,93657,1073
Iran,04/30/20,94640,983
Iran,05/01/20,95646,1006
Iran,05/02/20,96448,802
Iran,05/03/20,97424,976
Iran,05/04/20,98647,1223
Iran,05/05/20,99970,1323
Iran,05/06/20,101650,1680
Iran,05/07/20,103135,1485
Iran,05/08/20,104691,1556
Iran,05/09/20,106220,1529
Iran,05/10/20,107603,1383
Iran,05/11/20,109286,1683
Iran,05/12/20,110767,1481
Iran,05/13/20,112725,1958
Iran,05/14/20,114533,1808
Iran,05/15/20,116635,2102
Iran,05/16/20,118392,1757
Iran,05/17/20,120198,1806
Iran,05/18/20,122492,2294
Iran,05/19/20,124603,2111
Iran,05/20/20,126949,2346
Iran,05/21/20,129341,2392
Iran,05/22/20,131652,2311
Iran,05/23/20,133521,1869
Iran,05/24/20,135701,2180
Iran,05/25/20,137724,2023
Iran,05/26/20,139511,1787
Iran,05/27/20,141591,2080
Iran,05/28/20,143849,2258
Iran,05/29/20,146668,2819
Iran,05/30/20,148950,2282
Iran,05/31/20,151466,2516
Iran,06/01/20,154445,2979
Iran,06/02/20,157562,3117
Iran,06/03/20,160696,3134
Iran,06/04/20,164270,3574
Iran,06/05/20,167156,2886
Iran,06/06/20,169425,2269
Iran,06/07/20,171789,2364
Iran,06/08/20,173832,2043
Iran,06/09/20,175927,2095
Iran,06/10/20,177938,2011
Iran,06/11/20,180156,2218
Iran,06/12/20,182525,2369
Iran,06/13/20,184955,2430
Iran,06/14/20,187427,2472
Iran,06/15/20,189876,2449
Iran,06/16/20,192439,2563
Iran,06/17/20,195051,2612
Iran,06/18/20,197647,2596
Iran,06/19/20,200262,2615
Iran,06/20/20,202584,2322
Iran,06/21/20,204952,2368
Iran,06/22/20,207525,2573
Iran,06/23/20,209970,2445
Iran,06/24/20,212501,2531
Iran,06/25/20,215096,2595
Iran,06/26/20,217724,2628
Iran,06/27/20,220180,2456
Iran,06/28/20,222669,2489
Iran,06/29/20,225205,2536
Iran,06/30/20,227662,2457
Iran,07/01/20,230211,2549
Iran,07/02/20,232863,2652
Iran,07/03/20,235429,2566
Iran,07/04/20,237878,2449
Iran,07/05/20,240438,2560
Iran,07/06/20,243051,2613
Iran,07/07/20,245688,2637
Iran,07/08/20,248379,2691
Iran,07/09/20,250458,2079
Iran,07/10/20,252720,2262
Iran,07/11/20,255117,2397
Iran,07/12/20,257303,2186
Iran,07/13/20,259652,2349
Iran,07/14/20,262173,2521
Iran,07/15/20,264561,2388
Iran,07/16/20,267061,2500
Iran,07/17/20,269440,2379
Iran,07/18/20,271606,2166
Iran,07/19/20,273788,2182
Iran,07/20/20,276202,2414
Iran,07/21/20,278827,2625
Iran,07/22/20,281413,2586
Iran,07/23/20,284034,2621
Iran,07/24/20,286523,2489
Iran,07/25/20,288839,2316
Iran,07/26/20,291172,2333
Iran,07/27/20,293606,2434
Mexico,01/22/20,0,0
Mexico,01/23/20,0,0
Mexico,01/24/20,0,0
Mexico,01/25/20,0,0
Mexico,01/26/20,0,0
Mexico,01/27/20,0,0
Mexico,01/28/20,0,0
Mexico,01/29/20,0,0
Mexico,01/30/20,0,0
Mexico,01/31/20,0,0
Mexico,02/01/20,0,0
Mexico,02/02/20,0,0
Mexico,02/03/20,0,0
Mexico,02/04/20,0,0
Mexico,02/05/20,0,0
Mexico,02/06/20,0,0
Mexico,02/07/20,0,0
Mexico,02/08/20,0,0
Mexico,02/09/20,0,0
Mexico,02/10/20,0,0
Mexico,02/11/20,0,0
Mexico,02/12/20,0,0
Mexico,02/13/20,0,0
Mexico,02/14/20,0,0
Mexico,02/15/20,0,0
Mexico,02/16/20,0,0
Mexico,02/17/20,0,0
Mexico,02/18/20,0,0
Mexico,02/19/20,0,0
Mexico,02/20/20,0,0
Mexico,02/21/20,0,0
Mexico,02/22/20,0,0
Mexico,02/23/20,0,0
Mexico,02/24/20,0,0
Mexico,02/25/20,0,0
Mexico,02/26/20,0,0
Mexico,02/27/20,0,0
Mexico,02/28/20,1,1
Mexico,02/29/20,4,3
Mexico,03/01/20,5,1
Mexico,03/02/20,5,0
Mexico,03/03/20,5,0
Mexico,03/04/20,5,0
Mexico,03/05/20,5,0
Mexico,03/06/20,6,1
Mexico,03/07/20,6,0
Mexico,03/08/20,7,1
Mexico,03/09/20,7,0
Mexico,03/10/20,7,0
Mexico,03/11/20,8,1
Mexico,03/12/20,12,4
Mexico,03/13/20,26,14
Mexico,03/14/20,41,15
Mexico,03/15/20,53,12
Mexico,03/16/20,82,29
Mexico,03/17/20,93,11
Mexico,03/18/20,118,25
Mexico,03/19/20,164,46
Mexico,03/20/20,203,39
Mexico,03/21/20,251,48
Mexico,03/22/20,316,65
Mexico,03/23/20,367,51
Mexico,03/24/20,405,38
Mexico,03/25/20,475,70
Mexico,03/26/20,585,110
Mexico,03/27/20,717,132
Mexico,03/28/20,848,131
Mexico,03/29/20,993,145
Mexico,03/30/20,1094,101
Mexico,03/31/20,1215,121
Mexico,04/01/20,1378,163
Mexico,04/02/20,1510,132
Mexico,04/03/20,1688,178
Mexico,04/04/20,1890,202
Mexico,04/05/20,2143,253
Mexico,04/06/20,2439,296
Mexico,04/07/20,2785,346
Mexico,04/08/20,3181,396
Mexico,04/09/20,3441,260
Mexico,04/10/20,3844,403
Mexico,04/11/20,4219,375
Mexico,04/12/20,4661,442
Mexico,04/13/20,5014,353
Mexico,04/14/20,5399,385
Mexico,04/15/20,5847,448
Mexico,04/16/20,6297,450
Mexico,04/17/20,6875,578
Mexico,04/18/20,7497,622
Mexico,04/19/20,8261,764
Mexico,04/20/20,8772,511
Mexico,04/21/20,9501,729
Mexico,04/22/20,10544,1043
Mexico,04/23/20,11633,1089
Mexico,04/24/20,12872,1239
Mexico,04/25/20,13842,970
Mexico,04/26/20,14677,835
Mexico,04/27/20,15529,852
Mexico,04/28/20,16752,1223
Mexico,04/29/20,17799,1047
Mexico,04/30/20,19224,1425
Mexico,05/01/20,20739,1515
Mexico,05/02/20,22088,1349
Mexico,05/03/20,23471,1383
Mexico,05/04/20,24905,1434
Mexico,05/05/20,26025,1120
Mexico,05/06/20,27634,1609
Mexico,05/07/20,29616,1982
Mexico,05/08/20,31522,1906
Mexico,05/09/20,33460,1938
Mexico,05/10/20,35022,1562
Mexico,05/11/20,36327,1305
Mexico,05/12/20,38324,1997
Mexico,05/13/20,40186,1862
Mexico,05/14/20,42595,2409
Mexico,05/15/20,45032,2437
Mexico,05/16/20,47144,2112
Mexico,05/17/20,49219,2075
Mexico,05/18/20,51633,2414
Mexico,05/19/20,54346,2713
Mexico,05/20/20,56594,2248
Mexico,05/21/20,59567,2973
Mexico,05/22/20,62527,2960
Mexico,05/23/20,65856,3329
Mexico,05/24/20,68620,2764
Mexico,05/25/20,71105,2485
Mexico,05/26/20,74560,3455
Mexico,05/27/20,78023,3463
Mexico,05/28/20,81400,3377
Mexico,05/29/20,84627,3227
Mexico,05/30/20,87512,2885
Mexico,05/31/20,90664,3152
Mexico,06/01/20,93435,2771
Mexico,06/02/20,97326,3891
Mexico,06/03/20,101238,3912
Mexico,06/04/20,105680,4442
Mexico,06/05/20,110026,4346
Mexico,06/06/20,113619,3593
Mexico,06/07/20,117103,3484
Mexico,06/08/20,120102,2999
Mexico,06/09/20,124301,4199
Mexico,06/10/20,129184,4883
Mexico,06/11/20,133974,4790
Mexico,06/12/20,139196,5222
Mexico,06/13/20,142690,3494
Mexico,06/14/20,146837,4147
Mexico,06/15/20,150264,3427
Mexico,06/16/20,154863,4599
Mexico,06/17/20,159793,4930
Mexico,06/18/20,165455,5662
Mexico,06/19/20,170485,5030
Mexico,06/20/20,175202,4717
Mexico,06/21/20,180545,5343
Mexico,06/22/20,185122,4577
Mexico,06/23/20,191410,6288
Mexico,06/24/20,196847,5437
Mexico,06/25/20,202951,6104
Mexico,06/26/20,208392,5441
Mexico,06/27/20,212802,4410
Mexico,06/28/20,216852,4050
Mexico,06/29/20,220657,3805
Mexico,06/30/20,226089,5432
Mexico,07/01/20,231770,5681
Mexico,07/02/20,238511,6741
Mexico,07/03/20,245251,6740
Mexico,07/04/20,252165,6914
Mexico,07/05/20,256848,4683
Mexico,07/06/20,261750,4902
Mexico,07/07/20,268008,6258
Mexico,07/08/20,275003,6995
Mexico,07/09/20,282283,7280
Mexico,07/10/20,289174,6891
Mexico,07/11/20,295268,6094
Mexico,07/12/20,299750,4482
Mexico,07/13/20,304435,4685
Mexico,07/14/20,311486,7051
Mexico,07/15/20,317635,6149
Mexico,07/16/20,324041,6406
Mexico,07/17/20,331298,7257
Mexico,07/18/20,338913,7615
Mexico,07/19/20,344224,5311
Mexico,07/20/20,349396,5172
Mexico,07/21/20,356255,6859
Mexico,07/22/20,362274,6019
Mexico,07/23/20,370712,8438
Mexico,07/24/20,378285,7573
Mexico,07/25/20,385036,6751
Mexico,07/26/20,390516,5480
Mexico,07/27/20,395489,4973
Peru,01/22/20,0,0
Peru,01/23/20,0,0
Peru,01/24/20,0,0
Peru,01/25/20,0,0
Peru,01/26/20,0,0
Peru,01/27/20,0,0
Peru,01/28/20,0,0
Peru,01/29/20,0,0
Peru,01/30/20,0,0
Peru,01/31/20,0,0
Peru,02/01/20,0,0
Peru,02/02/20,0,0
Peru,02/03/20,0,0
Peru,02/04/20,0,0
Peru,02/05/20,0,0
Peru,02/06/20,0,0
Peru,02/07/20,0,0
Peru,02/08/20,0,0
Peru,02/09/20,0,0
Peru,02/10/20,0,0
Peru,02/11/20,0,0
Peru,02/12/20,0,0
Peru,02/13/20,0,0
Peru,02/14/20,0,0
Peru,02/15/20,0,0
Peru,02/16/20,0,0
Peru,02/17/20,0,0
Peru,02/18/20,0,0
Peru,02/19/20,0,0
Peru,02/20/20,0,0
Peru,02/21/20,0,0
Peru,02/22/20,0,0
Peru,02/23/20,0,0
Peru,02/24/20,0,0
Peru,02/25/20,0,0
Peru,02/26/20,0,0
Peru,02/27/20,0,0
Peru,02/28/20,0,0
Peru,02/29/20,0,0
Peru,03/01/20,0,0
Peru,03/02/20,0,0
Peru,03/03/20,0,0
Peru,03/04/20,0,0
Peru,03/05/20,0,0
Peru,03/06/20,1,1
Peru,03/07/20,1,0
Peru,03/08/20,6,5
Peru,03/09/20,7,1
Peru,03/10/20,11,4
Peru,03/11/20,11,0
Peru,03/12/20,15,4
Peru,03/13/20,28,13
Peru,03/14/20,38,10
Peru,03/15/20,43,5
Peru,03/16/20,86,43
Peru,03/17/20,117,31
Peru,03/18/20,145,28
Peru,03/19/20,234,89
Peru,03/20/20,234,0
Peru,03/21/20,318,84
Peru,03/22/20,363,45
Peru,03/23/20,395,32
Peru,03/24/20,416,21
Peru,03/25/20,480,64
Peru,03/26/20,580,100
Peru,03/27/20,635,55
Peru,03/28/20,671,36
Peru,03/29/20,852,181
Peru,03/30/20,950,98
Peru,03/31/20,1065,115
Peru,04/01/20,1323,258
Peru,04/02/20,1414,91
Peru,04/03/20,1595,181
Peru,04/04/20,1746,151
Peru,04/05/20,2281,535
Peru,04/06/20,2561,280
Peru,04/07/20,2954,393
Peru,04/08/20,4342,1388
Peru,04/09/20,5256,914
Peru,04/10/20,5897,641
Peru,04/11/20,6848,951
Peru,04/12/20,7519,671
Peru,04/13/20,9784,2265
Peru,04/14/20,10303,519
Peru,04/15/20,11475,1172
Peru,04/16/20,12491,1016
Peru,04/17/20,13489,998
Peru,04/18/20,14420,931
Peru,04/19/20,15628,1208
Peru,04/20/20,16325,697
Peru,04/21/20,17837,1512
Peru,04/22/20,19250,1413
Peru,04/23/20,20914,1664
Peru,04/24/20,21648,734
Peru,04/25/20,25331,3683
Peru,04/26/20,27517,2186
Peru,04/27/20,28699,1182
Peru,04/28/20,31190,2491
Peru,04/29/20,33931,2741
Peru,04/30/20,36976,3045
Peru,05/01/20,40459,3483
Peru,05/02/20,42534,2075
Peru,05/03/20,45928,3394
Peru,05/04/20,47372,1444
Peru,05/05/20,51189,3817
Peru,05/06/20,54817,3628
Peru,05/07/20,58526,3709
Peru,05/08/20,61847,3321
Peru,05/09/20,65015,3168
Peru,05/10/20,67307,2292
Peru,05/11/20,68822,1515
Peru,05/12/20,72059,3237
Peru,05/13/20,76306,4247
Peru,05/14/20,80604,4298
Peru,05/15/20,84495,3891
Peru,05/16/20,88541,4046
Peru,05/17/20,92273,3732
Peru,05/18/20,94933,2660
Peru,05/19/20,99483,4550
Peru,05/20/20,104020,4537
Peru,05/21/20,108769,4749
Peru,05/22/20,111698,2929
Peru,05/23/20,115754,4056
Peru,05/24/20,119959,4205
Peru,05/25/20,123979,4020
Peru,05/26/20,129751,5772
Peru,05/27/20,135905,6154
Peru,05/28/20,141779,5874
Peru,05/29/20,148285,6506
Peru,05/30/20,155671,7386
Peru,05/31/20,164476,8805
Peru,06/01/20,170039,5563
Peru,06/02/20,178165,8126
Peru,06/03/20,178914,749
Peru,06/04/20,183198,4284
Peru,06/05/20,187400,4202
Peru,06/06/20,191758,4358
Peru,06/07/20,196515,4757
Peru,06/08/20,199696,3181
Peru,06/09/20,203736,4040
Peru,06/10/20,208823,5087
Peru,06/11/20,214788,5965
Peru,06/12/20,214788,0
Peru,06/13/20,220749,5961
Peru,06/14/20,229736,8987
Peru,06/15/20,232992,3256
Peru,06/16/20,237156,4164
Peru,06/17/20,240908,3752
Peru,06/18/20,244388,3480
Peru,06/19/20,247925,3537
Peru,06/20/20,251338,3413
Peru,06/21/20,254936,3598
Peru,06/22/20,257447,2511
Peru,06/23/20,260810,3363
Peru,06/24/20,264689,3879
Peru,06/25/20,268602,3913
Peru,06/26/20,272364,3762
Peru,06/27/20,275989,3625
Peru,06/28/20,279419,3430
Peru,06/29/20,282365,2946
Peru,06/30/20,285213,2848
Peru,07/01/20,288477,3264
Peru,07/02/20,292004,3527
Peru,07/03/20,295599,3595
Peru,07/04/20,299080,3481
Peru,07/05/20,302718,3638
Peru,07/06/20,305703,2985
Peru,07/07/20,309278,3575
Peru,07/08/20,312911,3633
Peru,07/09/20,316448,3537
Peru,07/10/20,319646,3198
Peru,07/11/20,322710,3064
Peru,07/12/20,326326,3616
Peru,07/13/20,330123,3797
Peru,07/14/20,333867,3744
Peru,07/15/20,337751,3884
Peru,07/16/20,341586,3835
Peru,07/17/20,345537,3951
Peru,07/18/20,349500,3963
Peru,07/19/20,353590,4090
Peru,07/20/20,357681,4091
Peru,07/21/20,362087,4406
Peru,07/22/20,366550,4463
Peru,07/23/20,371096,4546
Peru,07/24/20,375961,4865
Peru,07/25/20,375961,0
Peru,07/26/20,375961,0
Peru,07/27/20,389717,13756
Russia,01/22/20,0,0
Russia,01/23/20,0,0
Russia,01/24/20,0,0
Russia,01/25/20,0,0
Russia,01/26/20,0,0
Russia,01/27/20,0,0
Russia,01/28/20,0,0
Russia,01/29/20,0,0
Russia,01/30/20,0,0
Russia,01/31/20,2,2
Russia,02/01/20,2,0
Russia,02/02/20,2,0
Russia,02/03/20,2,0
Russia,02/04/20,2,0
Russia,02/05/20,2,0
Russia,02/06/20,2,0
Russia,02/07/20,2,0
Russia,02/08/20,2,0
Russia,02/09/20,2,0
Russia,02/10/20,2,0
Russia,02/11/20,2,0
Russia,02/12/20,2,0
Russia,02/13/20,2,0
Russia,02/14/20,2,0
Russia,02/15/20,2,0
Russia,02/16/20,2,0
Russia,02/17/20,2,0
Russia,02/18/20,2,0
Russia,02/19/20,2,0
Russia,02/20/20,2,0
Russia,02/21/20,2,0
Russia,02/22/20,2,0
Russia,02/23/20,2,0
Russia,02/24/20,2,0
Russia,02/25/20,2,0
Russia,02/26/20,2,0
Russia,02/27/20,2,0
Russia,02/28/20,2,0
Russia,02/29/20,2,0
Russia,03/01/20,2,0
Russia,03/02/20,3,1
Russia,03/03/20,3,0
Russia,03/04/20,3,0
Russia,03/05/20,4,1
Russia,03/06/20,13,9
Russia,03/07/20,13,0
Russia,03/08/20,17,4
Russia,03/09/20,17,0
Russia,03/10/20,20,3
Russia,03/11/20,20,0
Russia,03/12/20,28,8
Russia,03/13/20,45,17
Russia,03/14/20,59,14
Russia,03/15/20,63,4
Russia,03/16/20,90,27
Russia,03/17/20,114,24
Russia,03/18/20,147,33
Russia,03/19/20,199,52
Russia,03/20/20,253,54
Russia,03/21/20,306,53
Russia,03/22/20,367,61
Russia,03/23/20,438,71
Russia,03/24/20,495,57
Russia,03/25/20,658,163
Russia,03/26/20,840,182
Russia,03/27/20,1036,196
Russia,03/28/20,1264,228
Russia,03/29/20,1534,270
Russia,03/30/20,1836,302
Russia,03/31/20,2337,501
Russia,04/01/20,2777,440
Russia,04/02/20,3548,771
Russia,04/03/20,4149,601
Russia,04/04/20,4731,582
Russia,04/05/20,5389,658
Russia,04/06/20,6343,954
Russia,04/07/20,7497,1154
Russia,04/08/20,8672,1175
Russia,04/09/20,10131,1459
Russia,04/10/20,11917,1786
Russia,04/11/20,13584,1667
Russia,04/12/20,15770,2186
Russia,04/13/20,18328,2558
Russia,04/14/20,21102,2774
Russia,04/15/20,24490,3388
Russia,04/16/20,27938,3448
Russia,04/17/20,32008,4070
Russia,04/18/20,36793,4785
Russia,04/19/20,42853,6060
Russia,04/20/20,47121,4268
Russia,04/21/20,52763,5642
Russia,04/22/20,57999,5236
Russia,04/23/20,62773,4774
Russia,04/24/20,68622,5849
Russia,04/25/20,74588,5966
Russia,04/26/20,80949,6361
Russia,04/27/20,87147,6198
Russia,04/28/20,93558,6411
Russia,04/29/20,99399,5841
Russia,04/30/20,106498,7099
Russia,05/01/20,114431,7933
Russia,05/02/20,124054,9623
Russia,05/03/20,134687,10633
Russia,05/04/20,145268,10581
Russia,05/05/20,155370,10102
Russia,05/06/20,165929,10559
Russia,05/07/20,177160,11231
Russia,05/08/20,187859,10699
Russia,05/09/20,198676,10817
Russia,05/10/20,209688,11012
Russia,05/11/20,221344,11656
Russia,05/12/20,232243,10899
Russia,05/13/20,242271,10028
Russia,05/14/20,252245,9974
Russia,05/15/20,262843,10598
Russia,05/16/20,272043,9200
Russia,05/17/20,281752,9709
Russia,05/18/20,290678,8926
Russia,05/19/20,299941,9263
Russia,05/20/20,308705,8764
Russia,05/21/20,317554,8849
Russia,05/22/20,326448,8894
Russia,05/23/20,335882,9434
Russia,05/24/20,344481,8599
Russia,05/25/20,353427,8946
Russia,05/26/20,362342,8915
Russia,05/27/20,370680,8338
Russia,05/28/20,379051,8371
Russia,05/29/20,387623,8572
Russia,05/30/20,396575,8952
Russia,05/31/20,405843,9268
Russia,06/01/20,414328,8485
Russia,06/02/20,423186,8858
Russia,06/03/20,431715,8529
Russia,06/04/20,440538,8823
Russia,06/05/20,449256,8718
Russia,06/06/20,458102,8846
Russia,06/07/20,467073,8971
Russia,06/08/20,476043,8970
Russia,06/09/20,484630,8587
Russia,06/10/20,493023,8393
Russia,06/11/20,501800,8777
Russia,06/12/20,510761,8961
Russia,06/13/20,519458,8697
Russia,06/14/20,528267,8809
Russia,06/15/20,536484,8217
Russia,06/16/20,544725,8241
Russia,06/17/20,552549,7824
Russia,06/18/20,560321,7772
Russia,06/19/20,568292,7971
Russia,06/20/20,576162,7870
Russia,06/21/20,583879,7717
Russia,06/22/20,591465,7586
Russia,06/23/20,598878,7413
Russia,06/24/20,606043,7165
Russia,06/25/20,613148,7105
Russia,06/26/20,619936,6788
Russia,06/27/20,626779,6843
Russia,06/28/20,633563,6784
Russia,06/29/20,640246,6683
Russia,06/30/20,646929,6683
Russia,07/01/20,653479,6550
Russia,07/02/20,660231,6752
Russia,07/03/20,666941,6710
Russia,07/04/20,673564,6623
Russia,07/05/20,680283,6719
Russia,07/06/20,686852,6569
Russia,07/07/20,693215,6363
Russia,07/08/20,699749,6534
Russia,07/09/20,706240,6491
Russia,07/10/20,712863,6623
Russia,07/11/20,719449,6586
Russia,07/12/20,726036,6587
Russia,07/13/20,732547,6511
Russia,07/14/20,738787,6240
Russia,07/15/20,745197,6410
Russia,07/16/20,751612,6415
Russia,07/17/20,758001,6389
Russia,07/18/20,764215,6214
Russia,07/19/20,770311,6096
Russia,07/20/20,776212,5901
Russia,07/21/20,782040,5828
Russia,07/22/20,787890,5850
Russia,07/23/20,793720,5830
Russia,07/24/20,799499,5779
Russia,07/25/20,805332,5833
Russia,07/26/20,811073,5741
Russia,07/27/20,816680,5607
South Africa,01/22/20,0,0
South Africa,01/23/20,0,0
South Africa,01/24/20,0,0
South Africa,01/25/20,0,0
South Africa,01/26/20,0,0
South Africa,01/27/20,0,0
South Africa,01/28/20,0,0
South Africa,01/29/20,0,0
South Africa,01/30/20,0,0
South Africa,01/31/20,0,0
South Africa,02/01/20,0,0
South Africa,02/02/20,0,0
South Africa,02/03/20,0,0
South Africa,02/04/20,0,0
South Africa,02/05/20,0,0
South Africa,02/06/20,0,0
South Africa,02/07/20,0,0
South Africa,02/08/20,0,0
South Africa,02/09/20,0,0
South Africa,02/10/20,0,0
South Africa,02/11/20,0,0
South Africa,02/12/20,0,0
South Africa,02/13/20,0,0
South Africa,02/14/20,0,0
South Africa,02/15/20,0,0
South Africa,02/16/20,0,0
South Africa,02/17/20,0,0
South Africa,02/18/20,0,0
South Africa,02/19/20,0,0
South Africa,02/20/20,0,0
South Africa,02/21/20,0,0
South Africa,02/22/20,0,0
South Africa,02/23/20,0,0
South Africa,02/24/20,0,0
South Africa,02/25/20,0,0
South Africa,02/26/20,0,0
South Africa,02/27/20,0,0
South Africa,02/28/20,0,0
South Africa,02/29/20,0,0
South Africa,03/01/20,0,0
South Africa,03/02/20,0,0
South Africa,03/03/20,0,0
South Africa,03/04/20,0,0
South Africa,03/05/20,1,1
South Africa,03/06/20,1,0
South Africa,03/07/20,1,0
South Africa,03/08/20,3,2
South Africa,03/09/20,3,0
South Africa,03/10/20,7,4
South Africa,03/11/20,13,6
South Africa,03/12/20,17,4
South Africa,03/13/20,24,7
South Africa,03/14/20,38,14
South Africa,03/15/20,51,13
South Africa,03/16/20,62,11
South Africa,03/17/20,62,0
South Africa,03/18/20,116,54
South Africa,03/19/20,150,34
South Africa,03/20/20,202,52
South Africa,03/21/20,240,38
South Africa,03/22/20,274,34
South Africa,03/23/20,402,128
South Africa,03/24/20,554,152
South Africa,03/25/20,709,155
South Africa,03/26/20,927,218
South Africa,03/27/20,1170,243
South Africa,03/28/20,1187,17
South Africa,03/29/20,1280,93
South Africa,03/30/20,1326,46
South Africa,03/31/20,1353,27
South Africa,04/01/20,1380,27
South Africa,04/02/20,1462,82
South Africa,04/03/20,1505,43
South Africa,04/04/20,1585,80
South Africa,04/05/20,1655,70
South Africa,04/06/20,1686,31
South Africa,04/07/20,1749,63
South Africa,04/08/20,1845,96
South Africa,04/09/20,1934,89
South Africa,04/10/20,2003,69
South Africa,04/11/20,2028,25
South Africa,04/12/20,2173,145
South Africa,04/13/20,2272,99
South Africa,04/14/20,2415,143
South Africa,04/15/20,2506,91
South Africa,04/16/20,2605,99
South Africa,04/17/20,2783,178
South Africa,04/18/20,3034,251
South Africa,04/19/20,3158,124
South Africa,04/20/20,3300,142
South Africa,04/21/20,3465,165
South Africa,04/22/20,3635,170
South Africa,04/23/20,3953,318
South Africa,04/24/20,4220,267
South Africa,04/25/20,4361,141
South Africa,04/26/20,4546,185
South Africa,04/27/20,4793,247
South Africa,04/28/20,4996,203
South Africa,04/29/20,5350,354
South Africa,04/30/20,5647,297
South Africa,05/01/20,5951,304
South Africa,05/02/20,6336,385
South Africa,05/03/20,6783,447
South Africa,05/04/20,7220,437
South Africa,05/05/20,7572,352
South Africa,05/06/20,7808,236
South Africa,05/07/20,8232,424
South Africa,05/08/20,8895,663
South Africa,05/09/20,9420,525
South Africa,05/10/20,10015,595
South Africa,05/11/20,10652,637
South Africa,05/12/20,11350,698
South Africa,05/13/20,12074,724
South Africa,05/14/20,12739,665
South Africa,05/15/20,13524,785
South Africa,05/16/20,14355,831
South Africa,05/17/20,15515,1160
South Africa,05/18/20,16433,918
South Africa,05/19/20,17200,767
South Africa,05/20/20,18003,803
South Africa,05/21/20,19137,1134
South Africa,05/22/20,20125,988
South Africa,05/23/20,21343,1218
South Africa,05/24/20,22583,1240
South Africa,05/25/20,23615,1032
South Africa,05/26/20,24264,649
South Africa,05/27/20,25937,1673
South Africa,05/28/20,27403,1466
South Africa,05/29/20,29240,1837
South Africa,05/30/20,30967,1727
South Africa,05/31/20,32683,1716
South Africa,06/01/20,34357,1674
South Africa,06/02/20,35812,1455
South Africa,06/03/20,37525,1713
South Africa,06/04/20,40792,3267
South Africa,06/05/20,43434,2642
South Africa,06/06/20,45973,2539
South Africa,06/07/20,48285,2312
South Africa,06/08/20,50879,2594
South Africa,06/09/20,52991,2112
South Africa,06/10/20,55421,2430
South Africa,06/11/20,58568,3147
South Africa,06/12/20,61927,3359
South Africa,06/13/20,65736,3809
South Africa,06/14/20,70038,4302
South Africa,06/15/20,73533,3495
South Africa,06/16/20,76334,2801
South Africa,06/17/20,80412,4078
South Africa,06/18/20,83890,3478
South Africa,06/19/20,87715,3825
South Africa,06/20/20,92681,4966
South Africa,06/21/20,97302,4621
South Africa,06/22/20,101590,4288
South Africa,06/23/20,106108,4518
South Africa,06/24/20,111796,5688
South Africa,06/25/20,118375,6579
South Africa,06/26/20,124590,6215
South Africa,06/27/20,131800,7210
South Africa,06/28/20,138134,6334
South Africa,06/29/20,144264,6130
South Africa,06/30/20,151209,6945
South Africa,07/01/20,159333,8124
South Africa,07/02/20,168061,8728
South Africa,07/03/20,177124,9063
South Africa,07/04/20,187977,10853
South Africa,07/05/20,196750,8773
South Africa,07/06/20,205721,8971
South Africa,07/07/20,215855,10134
South Africa,07/08/20,224665,8810
South Africa,07/09/20,238339,13674
South Africa,07/10/20,250687,12348
South Africa,07/11/20,264184,13497
South Africa,07/12/20,276242,12058
South Africa,07/13/20,287796,11554
South Africa,07/14/20,298292,10496
South Africa,07/15/20,311049,12757
South Africa,07/16/20,324221,13172
South Africa,07/17/20,337594,13373
South Africa,07/18/20,350879,13285
South Africa,07/19/20,364328,13449
South Africa,07/20/20,373628,9300
South Africa,07/21/20,381798,8170
South Africa,07/22/20,394948,13150
South Africa,07/23/20,408052,13104
South Africa,07/24/20,421996,13944
South Africa,07/25/20,434200,12204
South Africa,07/26/20,445433,11233
South Africa,07/27/20,452529,7096
United Kingdom,01/22/20,0,0
United Kingdom,01/23/20,0,0
United Kingdom,01/24/20,0,0
United Kingdom,01/25/20,0,0
United Kingdom,01/26/20,0,0
United Kingdom,01/27/20,0,0
United Kingdom,01/28/20,0,0
United Kingdom,01/29/20,0,0
United Kingdom,01/30/20,0,0
United Kingdom,01/31/20,2,2
United Kingdom,02/01/20,2,0
United Kingdom,02/02/20,2,0
United Kingdom,02/03/20,8,6
United Kingdom,02/04/20,8,0
United Kingdom,02/05/20,9,1
United Kingdom,02/06/20,9,0
United Kingdom,02/07/20,9,0
United Kingdom,02/08/20,13,4
United Kingdom,02/09/20,14,1
United Kingdom,02/10/20,14,0
United Kingdom,02/11/20,15,1
United Kingdom,02/12/20,16,1
United Kingdom,02/13/20,17,1
United Kingdom,02/14/20,18,1
United Kingdom,02/15/20,18,0
United Kingdom,02/16/20,18,0
United Kingdom,02/17/20,19,1
United Kingdom,02/18/20,19,0
United Kingdom,02/19/20,20,1
United Kingdom,02/20/20,22,2
United Kingdom,02/21/20,23,1
United Kingdom,02/22/20,23,0
United Kingdom,02/23/20,28,5
United Kingdom,02/24/20,30,2
United Kingdom,02/25/20,34,4
United Kingdom,02/26/20,37,3
United Kingdom,02/27/20,44,7
United Kingdom,02/28/20,56,12
United Kingdom,02/29/20,61,5
United Kingdom,03/01/20,94,33
United Kingdom,03/02/20,134,40
United Kingdom,03/03/20,189,55
United Kingdom,03/04/20,246,57
United Kingdom,03/05/20,295,49
United Kingdom,03/06/20,374,79
United Kingdom,03/07/20,429,55
United Kingdom,03/08/20,483,54
United Kingdom,03/09/20,630,147
United Kingdom,03/10/20,889,259
United Kingdom,03/11/20,1301,412
United Kingdom,03/12/20,1790,489
United Kingdom,03/13/20,2270,480
United Kingdom,03/14/20,2634,364
United Kingdom,03/15/20,3077,443
United Kingdom,03/16/20,3692,615
United Kingdom,03/17/20,4462,770
United Kingdom,03/18/20,5467,1005
United Kingdom,03/19/20,6533,1066
United Kingdom,03/20/20,7791,1258
United Kingdom,03/21/20,9006,1215
United Kingdom,03/22/20,10395,1389
United Kingdom,03/23/20,12744,2349
United Kingdom,03/24/20,15126,2382
United Kingdom,03/25/20,17843,2717
United Kingdom,03/26/20,20970,3127
United Kingdom,03/27/20,24219,3249
United Kingdom,03/28/20,27062,2843
United Kingdom,03/29/20,29954,2892
United Kingdom,03/30/20,34281,4327
United Kingdom,03/31/20,38815,4534
United Kingdom,04/01/20,43789,4974
United Kingdom,04/02/20,48718,4929
United Kingdom,04/03/20,53699,4981
United Kingdom,04/04/20,57772,4073
United Kingdom,04/05/20,61422,3650
United Kingdom,04/06/20,66738,5316
United Kingdom,04/07/20,72224,5486
United Kingdom,04/08/20,77387,5163
United Kingdom,04/09/20,82293,4906
United Kingdom,04/10/20,86660,4367
United Kingdom,04/11/20,90273,3613
United Kingdom,04/12/20,93812,3539
United Kingdom,04/13/20,98017,4205
United Kingdom,04/14/20,102365,4348
United Kingdom,04/15/20,107465,5100
United Kingdom,04/16/20,112808,5343
United Kingdom,04/17/20,117798,4990
United Kingdom,04/18/20,122534,4736
United Kingdom,04/19/20,126394,3860
United Kingdom,04/20/20,131260,4866
United Kingdom,04/21/20,136035,4775
United Kingdom,04/22/20,141540,5505
United Kingdom,04/23/20,146708,5168
United Kingdom,04/24/20,151689,4981
United Kingdom,04/25/20,155453,3764
United Kingdom,04/26/20,158926,3473
United Kingdom,04/27/20,163630,4704
United Kingdom,04/28/20,168357,4727
United Kingdom,04/29/20,173807,5450
United Kingdom,04/30/20,178771,4964
United Kingdom,05/01/20,183501,4730
United Kingdom,05/02/20,186731,3230
United Kingdom,05/03/20,189708,2977
United Kingdom,05/04/20,193091,3383
United Kingdom,05/05/20,196780,3689
United Kingdom,05/06/20,200616,3836
United Kingdom,05/07/20,204387,3771
United Kingdom,05/08/20,207439,3052
United Kingdom,05/09/20,209589,2150
United Kingdom,05/10/20,211911,2322
United Kingdom,05/11/20,215500,3589
United Kingdom,05/12/20,218895,3395
United Kingdom,05/13/20,222195,3300
United Kingdom,05/14/20,224813,2618
United Kingdom,05/15/20,227334,2521
United Kingdom,05/16/20,229406,2072
United Kingdom,05/17/20,231232,1826
United Kingdom,05/18/20,233809,2577
United Kingdom,05/19/20,236867,3058
United Kingdom,05/20/20,239579,2712
United Kingdom,05/21/20,242133,2554
United Kingdom,05/22/20,244174,2041
United Kingdom,05/23/20,245682,1508
United Kingdom,05/24/20,247037,1355
United Kingdom,05/25/20,248650,1613
United Kingdom,05/26/20,250309,1659
United Kingdom,05/27/20,252118,1809
United Kingdom,05/28/20,253854,1736
United Kingdom,05/29/20,255362,1508
United Kingdom,05/30/20,256469,1107
United Kingdom,05/31/20,257539,1070
United Kingdom,06/01/20,258983,1444
United Kingdom,06/02/20,260453,1470
United Kingdom,06/03/20,261802,1349
United Kingdom,06/04/20,263040,1238
United Kingdom,06/05/20,264150,1110
United Kingdom,06/06/20,264944,794
United Kingdom,06/07/20,265662,718
United Kingdom,06/08/20,266756,1094
United Kingdom,06/09/20,267915,1159
United Kingdom,06/10/20,269101,1186
United Kingdom,06/11/20,270108,1007
United Kingdom,06/12/20,271162,1054
United Kingdom,06/13/20,272050,888
United Kingdom,06/14/20,272857,807
United Kingdom,06/15/20,273888,1031
United Kingdom,06/16/20,274971,1083
United Kingdom,06/17/20,275970,999
United Kingdom,06/18/20,276990,1020
United Kingdom,06/19/20,277974,984
United Kingdom,06/20/20,278640,666
United Kingdom,06/21/20,279264,624
United Kingdom,06/22/20,280156,892
United Kingdom,06/23/20,281038,882
United Kingdom,06/24/20,281815,777
United Kingdom,06/25/20,282512,697
United Kingdom,06/26/20,283151,639
United Kingdom,06/27/20,283785,634
United Kingdom,06/28/20,284192,407
United Kingdom,06/29/20,284812,620
United Kingdom,06/30/20,285216,404
United Kingdom,07/01/20,285279,63
United Kingdom,07/02/20,285285,6
United Kingdom,07/03/20,285787,502
United Kingdom,07/04/20,286412,625
United Kingdom,07/05/20,286931,519
United Kingdom,07/06/20,287290,359
United Kingdom,07/07/20,287874,584
United Kingdom,07/08/20,288511,637
United Kingdom,07/09/20,289154,643
United Kingdom,07/10/20,289678,524
United Kingdom,07/11/20,290504,826
United Kingdom,07/12/20,291154,650
United Kingdom,07/13/20,291691,537
United Kingdom,07/14/20,292931,1240
United Kingdom,07/15/20,293469,538
United Kingdom,07/16/20,294116,647
United Kingdom,07/17/20,294803,687
United Kingdom,07/18/20,295632,829
United Kingdom,07/19/20,296358,726
United Kingdom,07/20/20,296944,586
United Kingdom,07/21/20,297389,445
United Kingdom,07/22/20,297952,563
United Kingdom,07/23/20,298731,779
United Kingdom,07/24/20,299500,769
United Kingdom,07/25/20,300270,770
United Kingdom,07/26/20,301020,750
United Kingdom,07/27/20,301708,688
US,01/22/20,1,1
US,01/23/20,1,0
US,01/24/20,2,1
US,01/25/20,2,0
US,01/26/20,5,3
US,01/27/20,5,0
US,01/28/20,5,0
US,01/29/20,5,0
US,01/30/20,5,0
US,01/31/20,7,2
US,02/01/20,8,1
US,02/02/20,8,0
US,02/03/20,11,3
US,02/04/20,11,0
US,02/05/20,11,0
US,02/06/20,11,0
US,02/07/20,11,0
US,02/08/20,11,0
US,02/09/20,11,0
US,02/10/20,11,0
US,02/11/20,12,1
US,02/12/20,12,0
US,02/13/20,13,1
US,02/14/20,13,0
US,02/15/20,13,0
US,02/16/20,13,0
US,02/17/20,13,0
US,02/18/20,13,0
US,02/19/20,13,0
US,02/20/20,13,0
US,02/21/20,15,2
US,02/22/20,15,0
US,02/23/20,15,0
US,02/24/20,15,0
US,02/25/20,15,0
US,02/26/20,15,0
US,02/27/20,16,1
US,02/28/20,16,0
US,02/29/20,24,8
US,03/01/20,30,6
US,03/02/20,53,23
US,03/03/20,73,20
US,03/04/20,104,31
US,03/05/20,174,70
US,03/06/20,222,48
US,03/07/20,337,115
US,03/08/20,451,114
US,03/09/20,519,68
US,03/10/20,711,192
US,03/11/20,1109,398
US,03/12/20,1561,452
US,03/13/20,2157,596
US,03/14/20,2870,713
US,03/15/20,2968,98
US,03/16/20,4360,1392
US,03/17/20,6141,1781
US,03/18/20,8917,2776
US,03/19/20,14157,5240
US,03/20/20,19479,5322
US,03/21/20,25825,6346
US,03/22/20,33761,7936
US,03/23/20,43850,10089
US,03/24/20,54112,10262
US,03/25/20,66055,11943
US,03/26/20,84091,18036
US,03/27/20,102276,18185
US,03/28/20,122069,19793
US,03/29/20,141205,19136
US,03/30/20,162707,21502
US,03/31/20,188724,26017
US,04/01/20,214205,25481
US,04/02/20,244610,30405
US,04/03/20,276547,31937
US,04/04/20,309699,33152
US,04/05/20,337573,27874
US,04/06/20,367215,29642
US,04/07/20,397992,30777
US,04/08/20,429686,31694
US,04/09/20,464442,34756
US,04/10/20,497943,33501
US,04/11/20,527969,30026
US,04/12/20,556522,28553
US,04/13/20,581813,25291
US,04/14/20,608878,27065
US,04/15/20,637974,29096
US,04/16/20,669272,31298
US,04/17/20,701996,32724
US,04/18/20,730337,28341
US,04/19/20,756375,26038
US,04/20/20,783716,27341
US,04/21/20,809318,25602
US,04/22/20,837422,28104
US,04/23/20,871617,34195
US,04/24/20,907908,36291
US,04/25/20,940829,32921
US,04/26/20,968518,27689
US,04/27/20,990983,22465
US,04/28/20,1015518,24535
US,04/29/20,1043038,27520
US,04/30/20,1072667,29629
US,05/01/20,1106829,34162
US,05/02/20,1136024,29195
US,05/03/20,1161611,25587
US,05/04/20,1184086,22475
US,05/05/20,1208271,24185
US,05/06/20,1233527,25256
US,05/07/20,1261409,27882
US,05/08/20,1288587,27178
US,05/09/20,1314320,25733
US,05/10/20,1334084,19764
US,05/11/20,1352962,18878
US,05/12/20,1375152,22190
US,05/13/20,1396110,20958
US,05/14/20,1423727,27617
US,05/15/20,1449027,25300
US,05/16/20,1474128,25101
US,05/17/20,1493132,19004
US,05/18/20,1514901,21769
US,05/19/20,1535350,20449
US,05/20/20,1559157,23807
US,05/21/20,1584512,25355
US,05/22/20,1608653,24141
US,05/23/20,1630476,21823
US,05/24/20,1651289,20813
US,05/25/20,1670280,18991
US,05/26/20,1689163,18883
US,05/27/20,1707445,18282
US,05/28/20,1730260,22815
US,05/29/20,1754764,24504
US,05/30/20,1779214,24450
US,05/31/20,1799124,19910
US,06/01/20,1816479,17355
US,06/02/20,1837374,20895
US,06/03/20,1857332,19958
US,06/04/20,1878683,21351
US,06/05/20,1903907,25224
US,06/06/20,1926639,22732
US,06/07/20,1944370,17731
US,06/08/20,1961785,17415
US,06/09/20,1979912,18127
US,06/10/20,2000706,20794
US,06/11/20,2023656,22950
US,06/12/20,2048986,25330
US,06/13/20,2074542,25556
US,06/14/20,2094366,19824
US,06/15/20,2114026,19660
US,06/16/20,2137731,23705
US,06/17/20,2163290,25559
US,06/18/20,2191099,27809
US,06/19/20,2222579,31480
US,06/20/20,2255328,32749
US,06/21/20,2281767,26439
US,06/22/20,2312303,30536
US,06/23/20,2347491,35188
US,06/24/20,2382426,34935
US,06/25/20,2422299,39873
US,06/26/20,2467554,45255
US,06/27/20,2510259,42705
US,06/28/20,2549864,39605
US,06/29/20,2590668,40804
US,06/30/20,2636414,45746
US,07/01/20,2687588,51174
US,07/02/20,2742049,54461
US,07/03/20,2795361,53312
US,07/04/20,2841241,45880
US,07/05/20,2891124,49883
US,07/06/20,2936077,44953
US,07/07/20,2996098,60021
US,07/08/20,3054699,58601
US,07/09/20,3117946,63247
US,07/10/20,3185737,67791
US,07/11/20,3245925,60188
US,07/12/20,3304942,59017
US,07/13/20,3364157,59215
US,07/14/20,3431574,67417
US,07/15/20,3498902,67328
US,07/16/20,3576157,77255
US,07/17/20,3647715,71558
US,07/18/20,3711413,63698
US,07/19/20,3773260,61847
US,07/20/20,3834677,61417
US,07/21/20,3899211,64534
US,07/22/20,3970121,70910
US,07/23/20,4038816,68695
US,07/24/20,4112531,73715
US,07/25/20,4178970,66439
US,07/26/20,4233923,54953
US,07/27/20,4290259,56336
